autor,titlu,strofa,text
Ana Blandiana,41,1,"Număr penele verzi
Din aripa bradului.
Dacă îmi vor ieși
Mai puține de 41
El va avea dreptul să zboare."
Ana Blandiana,41,2,"Îmi ies chiar 41.
Da, e mai complicat,
Dar oricum de mine depinde
Să-i acord dreptul în continuare."
Ana Blandiana,41,3,"- Zbori, îi spun.
- Ești o proastă, îmi răspunde bradul.
- Nu, sunt o luptătoare pentru drepturile bradului,
Zbori!
- O, murmură el, se vede
Că n-ai încercat niciodată
Să-ți încleștezi rădăcinile-n nori."
Ana Blandiana,A lovi,1,"Nu îmi e frică,
Dar nu știu: cum
Se ridică
Glasul, brațul cum
Se întinde să lovească?
Și când strâng pumnul
Trebuie să strâng
Și aripa-ngerească?
Și ca să scuip în obraz
Trebuie să adun
Salivă și ură
În loc de silabe"
Ana Blandiana,A lovi,2,"Și trebuie să-l împroșc
Pe cel mai de-aproape?
Aripa îmi sângeră
Și se despică
Între răzbunare
Și alibi:
Nu mi-e frică,
Dar mi
Se pare
Mai mare
Umilința de a lovi."
Ana Blandiana,Abia începusem să simt,1,"Abia începusem să simt
Că undeva-n rarul văzduh
Zăpada se va opri deodată,
Abia începusem să știu
Că nu mai poți să te ascunzi
De ochii mei avizi să vadă,
Abia zăream cum se depune
O linie limpede pe creștet,
Tremurătoare-n păr și moale
Pe genele-ți clipite-abia."
Ana Blandiana,Abia începusem să simt,2,"Abia-ndrăzneam să cred că ai tăi sunt
Umerii desenați în aer
Cu fără de sfârșit zăpadă
Și-a tale-aripile trădate
De nemaicontenita nea."
Ana Blandiana,Abia începusem să simt,3,"Aș fi putut să te ating
Dar mi-era teamă să nu scutur
De pe făptura-ți nevăzută
Conturul nesperat de clar,
Aș fi putut să te învăț
Pe dinafară pentru clipa
Când, întețindu-se ninsoarea,
Vei dispărea cu spaimă iar..."
Ana Blandiana,Acasă,1,"Era un timp când mă simțeam
În trupul meu acasă,
Știam locul fiecărui lucru -
Fereastra în care răsare soarele
Și peretele dinspre nord,
Nu-mi era niciodată urât,
Îmi găseam de dimineața
Până seara de lucru,
Iar dacă plecam undeva
Abia așteptam să mă-ntorc."
Ana Blandiana,Acasă,2,"Acum de-atâta ordine mi-e silă
Și de știutulpederost mi-e somn,
Nu mai țin minte când am fost adusă
În încăperea prea frumoasă pentru mine."
Ana Blandiana,Acasă,3,"Căutam pe cineva și i-am rămas în loc?
Sau poate-a fost o cursă
În care-s prinsă încă?
Aștept de mult și am uitat pe cine..."
Ana Blandiana,Acolo sus,1,"Acolo sus pe munte casa
Apare și dispare dintre nori.
Cine-o îmbracă în atât de lașe scuturi
Și-o părăsește-atât de deseori?
Ochilor noștri cine-o lasă pradă
Și ochii noștri, cine pradă ei?
Stăm atârnați de jilava icoană
Ca lacrimile-n geana unor nesiguri zei."
Ana Blandiana,Acolo sus,2,"Ne-o amintim din altă viață sau
E numai presimțire groaza?
Trăim însă, dacă trăim, ca să vedem
Acolo sus pe munte casa..."
Ana Blandiana,Acoperită de rouă,1,"Acoperită de rouă,
Țară a frunzelor fragede,
Câte milenii încă
Nu vei obosi să te naști?
Leagăn de nenorocire
Atât de frumos încât nimeni
Nu are timp să renunțe
La verdele tău cimitir,
Țărână bogată în sare
Depusă din lacrimi pe care
Albii de râuri le duc
Și le umplu cu pești,"
Ana Blandiana,Acoperită de rouă,2,"Și plânsul îți e roditor,
Mamă fără odihnă
Și negândită, crescând
Mieii în oi spre jertfire,
Din morți extrăgând ierburi vii
Și din suferință iubire."
Ana Blandiana,Acoperită de rouă,3,"Pace și liniște ție,
Dăruitoare nebună,
Sub cerul de sânge uitat
Și vânăt de frig, noapte bună."
Ana Blandiana,Am crescut?,1,"Am crescut? Suntem oameni maturi?
Câte mii de nuanțe putrezesc o culoare...
Dragi și ridicole, departe sunt zilele
Când lumea o-mpărțeam în buni și răi."
Ana Blandiana,Am crescut?,2,"Am devenit puternici scăldându-ne-n derută
Precum în apa Stixului Ahil,
Dar de călcâiul vulnerabil încă
Atârnă soarta universului întreg."
Ana Blandiana,Am crescut?,3,"E totul grav. Și înțelegem totul.
De-acum va trece timpul neschimbat.
Ne dă de gol adolescenți doar lipsa
Înțeleptei spaime de moarte."
Ana Blandiana,Am dreptul,1,"Am dreptul oare să închei
Șirul pornit de la facerea lumii,
Sau poate mult mai dinainte,
Din Dumnezeul-amoebă
Rupt în două,
Lucit prin pești, zburat prin păsări
Ca să ajungă la străbunii mei?
Am dreptul să răspund deodată
Nu
Lungului șir de suferinți prin care
Am fost ucisă din părinte în părinte
Până la mine?"
Ana Blandiana,Am dreptul,2,"Pot să mă-ntorc
În moarte printre ei
Și să le spun
Că n-am lăsat în locul meu pe nimeni?
O, da,
Cum aș putea să mulțumesc
În alt fel
Pentru liniștea care m-așteaptă
Decât ducându-le definitiva liniște,
Decât spunându-le: S-a terminat,
Părinți și veghetori ai mei,
Nimic nu vă mai leagă"
Ana Blandiana,Am dreptul,3,"De viață,
Sunteți liberi!
Și cu ușorul gest prin care
Copiii îi alintă pe părinți,
Le-aș prinde clar de moarte-n jurul frunții,
Surâzători mutându-i între sfinți."
Ana Blandiana,Am fost învățată,1,"Am fost învățată că oceanul e foarte mare
Dar nu și ce-nseamnă foarte mare,
Mi s-a spus că deasupra noastră
Sunt stelele,
Dar nu și ce-nseamnă sunt,
Atenția cu care ochii orbi ai păsărilor
Ne privesc
O vom înțelege vreodată?
Vor ști vreodată greierii
De ce-i ascultăm fermecați
Când nu înțelegem ce spun?"
Ana Blandiana,Am obosit,1,"Am obosit să mă nasc din Idee,
Am obosit să nu mor -
Mi-am ales o frunză,
Iată din ea mă voi naște,
După chipul și asemănarea ei, ușor
Seva răcoroasă o să mă pătrunză
Și nervurile îmi vor fi fragede moaște;
De la ea o să învăț să tremur, să cresc,
Și de durere să mă fac strălucitoare,
Apoi să mă desprind de pe ram
Ca un cuvânt de pe buze."
Ana Blandiana,Am obosit,2,"În felul acela copilăresc
În care
Se moare
La frunze."
Ana Blandiana,Am învățat să râdem,1,"Am învățat să râdem
Ca și cum am fi învățat
Mânuirea armelor.
Cei mai norocoși râd doar în vis,
Cei nefericiți râd toată ziua,
Râdem de secole
Și nimeni nu înțelege,
Și rar, uneori, nici noi nu-nțelegem."
Ana Blandiana,Am învățat să râdem,2,"Continua mitralieră a hohotelor
Care ne țin în viață
Sub luna subțire,
Exactă ca o cătușă."
Ana Blandiana,Amân mereu,1,"Amân mereu să trec precum în moarte-n cuvinte,
Dar ca în moarte am certitudinea că voi intra,
Dusă cu sila, plângând după ceea ce las,
Încercând să mă-ntorc de la fiece vamă-a văzduhului."
Ana Blandiana,Amân mereu,2,"O, de-aș avea riscanta credință a dacilor
Nerăbdători să pătrundă în bucurie prin moarte, atunci
Străluminată, cu fruntea aproape statuie,
M-aș pierde zâmbind pentru fericirea cuvintelor."
Ana Blandiana,Amân mereu,3,"O, de-aș avea riscanta credință a dacilor,
Orice secundă să simt că-mi înapoiază milenii,
O, de-aș avea absurda credință a dacilor,
Cei înșelați atât de crunt după moarte..."
Ana Blandiana,Ar trebui,1,"Ar trebui să ne naștem bătrâni,
Să venim înțelepți,
Să fim în stare de-a hotărî soarta noastră în lume,
Să știm din răscrucea primară ce drumuri pornesc
Și iresponsabil să fie doar dorul de-a merge."
Ana Blandiana,Ar trebui,2,"Apoi să ne facem mai tineri, mai tineri, mergând,
Maturi și puternici s-ajungem la poarta creației,
Să trecem de ea și-n iubire intrând adolescenți
Să ne facem copii la nașterea fiilor noștri."
Ana Blandiana,Ar trebui,3,"Oricum ei ar fi atunci mai bătrâni decât noi,
Ne-ar învăța să vorbim, ne-ar legăna să dormim,
Noi am dispărea tot mai mult, devenind tot mai mici,
Cât bobul de strugure, cât bobul de mazăre, cât bobul de grâu..."
Ana Blandiana,Arhitectură-n mișcare,1,"Cine și ce ar putea să oprească vreodată
Această arhitectură-n mișcare
Mereu renăscând și murind,
Această mănăstire ce vine spre mine
Se-apropie, se umflă, și crește, și iată,
Cu bolți și cupole de spumă
Ca niște scufe coroane-atârnând,
Se-aruncă în aer, se-mprăștie lent, se prăvale,
Se destramă-ntr-un nor de meduze, și alge, și crabi,
Și se scurge-n pământ?
Cine-ar putea să încremenească odată
Mișcarea aceasta prea vie pentru a nu mai muri"
Ana Blandiana,Arhitectură-n mișcare,2,"Și pentru a nu mai renaște prea muritoare,
Cine-ar putea să strige valurilor „Stați!""
Și apelor să nu mai fie mare,
Și-acestei mănăstiri mereu surpată
În sine însăși ca într-un ecou
Să îi clocească stâlpii-osificați
În aerul făcut în juru-i ou?"
Ana Blandiana,Aripi,1,"Bisericile n-au acoperișuri,
Ci aripi zgribulite pe trup
De șindrilă,
Pe care va veni o vreme
Să și le deschidă
Și să se înalțe
Încet, ca în silă,
Ducându-și făpturile
De aur și fum
În văzduh tot mai sus,
Zburând cu vuiet mare, precum
Un stol de păsări grele"
Ana Blandiana,Aripi,2,"Spre apus,
În timp ce munți isterici,
Amestecați cu marea
Țâșnită către ei,
S-ar prăvăli -
Frumos sfârșit al lumii
Sub cerul viu albastru
Roind de mari biserici
Vii."
Ana Blandiana,Armura,1,"Trupul meu
Nu-i decât armura
Pe care un arhanghel
Și-a ales-o să treacă prin lume
Și, astfel travestit,
Cu aripile împachetate
Înlăuntru,
Cu viziera zâmbetului
Coborâtă etanș peste față,
Pătrunde în iureșul luptei,
Se lasă-acostat cu măscări,
Împroșcat cu priviri,"
Ana Blandiana,Armura,2,"Și chiar mângâiat
Pe platoșa rece a pielii
Sub care repulsia clocește
Îngerul exterminator."
Ana Blandiana,Atât de frig,1,"Atât de frig, încât îngheață
Pe dinții câinilor saliva
În timp ce latră înspre luna
De spaima căreia turbară,
Atât de frig, încât teroarea
Îmi crapă buzele când strig
Și sângele, cald încă,
Mi-l ling precum o fiară..."
Ana Blandiana,Avram iancu,1,"Dormind înaintează cântând din fluier stins
Învinsul crai al suferinței noastre,
În urma lui cresc codri mari de plâns
Și hohotesc nemuritor dezastre."
Ana Blandiana,Avram iancu,2,"În urma lui se ară singur de cutremur
Pământul nostru pustiit de somn
Și singur, sub al zilei roșu tremur,
Se seamănă cu oase vechi de domn."
Ana Blandiana,Avram iancu,3,"Ar fi destul îndemnul din fluier să-și suspine
Și-ar încolți pământul scârbit războinici grei,
Dar el e încoifat c-un roi somnos de-albine
Și-armate are-n turme picotitorii mei;
Dar struguri dulci se-mbată și ațipesc în vie,
Dar norii-adorm pe ceruri și undele pe lac,
Dar grânele se culcă și se sfârșesc în glie,
Sub greutatea florilor de mac;
Dar dorm în albii râuri și frunzele-n păduri,
O țară-ntreagă transhumată-n vis,
Pe când măritu-i rege cu ochi deschiși și suri,
Dormind înaintează cântând din fluier stins."
Ana Blandiana,Așteaptă să vină octombrie,1,"Așteaptă să vină octombrie,
Așteaptă să treacă
Tulburea fugă de moarte
Ascunsă în rut,
Neroada furie a creșterii
Și coacerea oarbă,
Așteaptă până creanga
Se leapădă de fructe
Și fiara își uită
Puiul crescut."
Ana Blandiana,Așteaptă să vină octombrie,2,"Rămâi în cer
Până când ziua
Are curajul să se umilească,
Punându-se cu noaptea
Spate-n spate
Să vadă cine-i mai înalt
Și noaptea gingașă se-apleacă
Spre a părea
Egale și surori."
Ana Blandiana,Așteaptă să vină octombrie,3,"Nu te-apropia
Până te cheamă
Sânge stângaci
Ca să cobori."
Ana Blandiana,Așteaptă să vină octombrie,4,"Tu vino numai când răsare
Înlăcrimatul soare de octombrie
Din oul văruit cu nouri,
Clocit în calde veșnicii,
Pândește cumpăna din care
Se lasă-n jos cuminte -
Atunci
Poți, chip de om purtând,
Să vii!"
Ana Blandiana,Baladă,1,"Stăpână,
Stăpâne,
Până
Și cine
V-a cunoscut
Rămâne mut."
Ana Blandiana,Baladă,2,"Dă vorbe din palmă
Păsărilor hrană,
Nu-și ține
Pentru sine
Nici o rugăciune,
Nici o sudalmă,
Singur rămâne
Și fără prihană
Ca nenăscut."
Ana Blandiana,Baladă,3,"Litere-sâmburi,
Crânguri-silabe,
Cuvinte-anotimpuri
Ochiu-i încape,
Dar în zadar -
În lacrima lui
Numai albinele
Știu să se-adape,
Numai fluturii
Pot să se-ngroape."
Ana Blandiana,Bruma,1,"Atât de curând voi uita să vorbesc
Că se botează și secundele
Până atunci
Cu nume-atât de lungi
Că nu pot fi rostite-ntr-o secundă..."
Ana Blandiana,Bruma,2,"Bruma pe frunze mari ascultă
Ce liniște va fi-n curând,
Când nu se va mai ghici
Nici cine aude,
Nici cine-ar putea rosti un cuvânt."
Ana Blandiana,Bănuiala,1,"Este liberă floarea
Căreia i s-a stabilit cu precizie
Data când se va deschide
Și data când se va ofili,
Mireasma pe care
Trebuie s-o răspândească
Și culoarea pe care trebuie s-o aprindă?
Ea spune că da."
Ana Blandiana,Bănuiala,2,"Și petalele spun da, fiecare în parte,
Și staminele, și firișoarele de polen,
Și frunzele, și turnul subțire și fraged
Al gâtului. Da."
Ana Blandiana,Bănuiala,3,"Dar ce este atunci libertatea? întreb
Stânjenită puțin de bănuiala răspunsului.
Ce întrebare! se miră
Îngerul clipind din petale."
Ana Blandiana,"Bătrâni, sihaștrii",1,"Îmbătrâniți sihaștrii în păduri
Blana de lup li s-a lipit de trup,
Părul le țese ochii,
Le astupă urechile
Și-n bărbile-ncâlcite albinele-și fac stup."
Ana Blandiana,"Bătrâni, sihaștrii",2,"Ei nu-și aduc aminte de ce-au venit aici
Și nu mai știu demult cuvântul
Pe care trebuiau să-l strige lumii.
Din când în când în chip de vultur
Li se trimite semn de voia cerească,
Dar bătrânii se joacă
Împletind în penele păsării flori
Și Dumnezeu mâniat nu înțelege
Că ei au uitat să urască."
Ana Blandiana,Ca și cum luna,1,"Ca și cum luna ar avea ceva de spus
În dragostea-ură care mă leagă de nea
Pornise să scrie pe omăt strălucitoare
Litere pe care
Tot ea le ștergea."
Ana Blandiana,Ca și cum luna,2,"O amenințare poate
Sau poate un sfat,
Ceva important mi se transmitea,
Cuvintele străluceau și țipau
Pe câmpul pustiu
Ca păunii -
Trebuia să răspund,
Întunericul își ținea respirația,
Palidă, zăpada aștepta,
Cu toții credeau
Că eu știu
Limba moartă a lunii..."
Ana Blandiana,Cercul,1,"N-am cum să mă bucur de cercul
Strălucitor din jurul capului meu,
Abia dacă noaptea în vis
Îmi mai amintesc forma lui minunată
De pe vremea când mă jucam
Rostogolindu-l prin țărână cu-un băț,
Alergând să nu-l pierd
Și lovindu-l din nou
Ca să se rostogolească
Încă o dată."
Ana Blandiana,Cercul,2,"În oglinzi nu se vede,
La pipăit nu se simte,
Numai ochii uimiți
Ai celorlalți îmi sunt dovadă -
Încleștat cu raze în craniu,
Mi l-aș rostogoli cu cap cu tot în țărână,
Dac-aș fi sigură că umerii mei știu să vadă."
Ana Blandiana,Chihlimbar,1,"Atâta lumină în aer,
Atâta miere în cer,
Încât văzduhul întreg pare
Un bulgăre de chihlimbar
În care
Zei fosilizați
Și proiecte neterminate de îngeri
Se întrevăd
Uimitor de exact
Și aproape se mișcă."
Ana Blandiana,Cine dintre noi,1,"Când pleci,
Nu știu care dintre noi doi a plecat,
Când întind mâna
Nu știu dacă nu mă caut
Pe mine,
Când îți spun: te iubesc,
Nu știu dacă nu mie îmi spun
Și mi se face rușine."
Ana Blandiana,Cine dintre noi,2,"Odinioară
Știam cum arăți,
Erai
Nespus de înalt și de subțire,
Știam de unde-ncepi
Și unde mă sfârșesc,
Îți găseam ușor
Buzele, gâtul,
Clavicula dulce,
Umărul copilăresc."
Ana Blandiana,Cine dintre noi,3,"De mult, îmi amintesc,
Eram doi,
Țin minte cum ne țineam de mână...
Cine-a fost înfrânt dintre noi?
Cine-a putut să rămână?
Singurul trup este al tău
Sau al meu?
Și mi-e atât de dor
De cine?
Numai tăcând,
Cu ochii-nchiși, cu dinții strânși,
Mai pot să te distrug"
Ana Blandiana,Cine dintre noi,4,"Cu greu
În mine,
Și-atunci nu mai știu
Unde sunt eu..."
Ana Blandiana,Concert,1,"Trebuie, știu, să rămân în fotoliul acesta,
Neurlând, nedându-mă de-a rostogolul,
Trebuie să stau ca și cum mi-aș face siesta,
Ca și cum n-aș simți sunetele dându-mi ocolul."
Ana Blandiana,Concert,2,"Am un sentiment de înfrângere ca și cum
Ochi albaștri de lup într-un codru zăresc,
Și nu pot să mă apăr, și-s închis într-un drum,
Și-o să mor că pe lupii aceștia eu îi iubesc."
Ana Blandiana,Concert,3,"O să mor că iubesc melodia aceasta suită
Ucigașă spre gâtul meu ca un ștreang,
Ca pe-o arteră-mi tai emoția neîmpărtășită,
Ca pe o lacrimă între pleoape-o sparg."
Ana Blandiana,Concert,4,"Ah, toate-ar fi altfel dac-aș putea să mă sfâșii,
Porțile coastelor să le deschid nesperat,
Direct în inimă, cântec să-mi vii,
Ocolind filtrul urechii stricat."
Ana Blandiana,Concert,5,"Sau de-aș putea, ca-ntr-o iarnă în vântul bătrân,
De trupul meu să mă descotoresc,
Să-mi țin pentru mine numai auzul păgân
Cu care, sunete, să vă iubesc."
Ana Blandiana,Concert,6,"Căci vă iubesc nesfârșit - iată, vă voi ruga
Să vă hrăniți cu bucățile în care mă rup.
O, hrana aceasta cum va-nnobila
Trupul tău, artă, de tânăr lup."
Ana Blandiana,Condiție,1,"Sunt
asemenea
nisipului clepsidrei
care
poate fi timp
numai
în
cădere"
Ana Blandiana,Contratimp,1,"Mă uit în trecut și nu înțeleg
Urmele pașilor mei.
Privesc înghețata zăpadă
Prin care picioarele mele desculțe
(Îmi amintesc) s-au rănit,
Dar urmele lor închipuie semne
În alfabetul unei limbi dispărute."
Ana Blandiana,Contratimp,2,"Ieri ce voiam să spun
Și mâine cum voi mai citi
Durerea mersului de-acum,
Când clipele obeze
Par ani și anii epoci
Nehotărâte și fără sfârșit?
Nici un răspuns nu se naște
Decât când nimeni nu mai are
Nevoie de el
Și întrebarea care-l aștepta
A murit."
Ana Blandiana,Copilărie,1,"Din oglindă mă privea un trup firav
Cu claviatura coastelor distinctă,
Inima-apăsa pe clape grav
Și-ncerca să-apară în oglindă."
Ana Blandiana,Copilărie,2,"N-am văzut-o niciodată, dar știam,
Ca-ntr-un joc de-a baba-oarba, că-i ascunsă
(Precum inima salcâmului din geam
Coșul pieptului de crengi o face frunză)."
Ana Blandiana,Copilărie,3,"Mă-ntrebam de unde l-a-nvățat și dacă
E aievea cântu-i uniform,
Și ca nu cumva în somn să tacă,
Mi-era frică seara să adorm."
Ana Blandiana,Corabia cu poeți,1,"Poeții cred că e o corabie
Și se îmbarcă.
Lăsați-mă să mă urc pe corabia cu poeți
Înaintând pe valurile timpului
Fără să-și clatine catargul
Și fără să aibă nevoie să se miște din loc
(Pentru că timpul se mișcă
În jurul ei tot mai repede)."
Ana Blandiana,Corabia cu poeți,2,"Poeții așteaptă, și refuză să doarmă,
Refuză să moară,
Ca să nu piardă clipa din urmă
Când corabia se va desprinde de țărm -
Dar ce e nemurirea dacă nu
Chiar această corabie de piatră,
Așteptând cu încăpățânare ceva
Ce nu se va întâmpla niciodată?"
Ana Blandiana,Croaziere,1,"Știu mările planetei din croaziere,
Plecări aproape-adevărate-n lume,
Cu valuri uriașe și furtuni,
Cu pești nemaivăzuți și păsări rare,
Cu ierburi de culori necunoscute,
Cu ochiul treaz al farului pe urma noastră
Patern îngăduindu-ne-aventura
Și libera corabie lung plutind
La capătul sforii legate în port."
Ana Blandiana,Cu capul în jos,1,"Răstoarnă oglinda,
Varsă din ea conținutul,
Lucrurile mișunătoare,
Petele de rugină care respiră
Lipite de sticlă,
Privirile mișcându-și labele genelor,
Chipul tău
Mâzgălit de edițiile lui succesive."
Ana Blandiana,Cu capul în jos,2,"Răstoarn-o cu capul în jos,
Scutur-o bine,
Să nu mai rămână nimic
Decât pielița sticlei
Luminoasă și rece."
Ana Blandiana,Cu fața spre munți,1,"Dacă aș înceta să aud,
Lumea mi s-ar părea deodată ridicolă
Ca o emisiune căreia i s-a luat sunetul
La televizor?
Un Dumnezeu surd
Peste care apele se fac de lână și cad,
Iar norii se ciocnesc fără tunet
Ca niște ghemotoace de hârtie
În coșul de gunoaie al cerului
Ar da semnalul încetării de sens
Acestui univers ce nu există
Decât prin scrâșnetul produs."
Ana Blandiana,Cu fața spre munți,2,"Iar palmele lui mari,
Care-i amplifică uneori
Pavilionul urechii,
Mi s-ar pune pe umeri
Întorcându-mă încet
Cu fața spre munți."
Ana Blandiana,Cumintele animal,1,"Ce cuminte e animalul numit univers!
Cutreierat de planete
Ca de globule roșii și albe,
Sorii îi ard - temporare focare
Pe creier..."
Ana Blandiana,Cumintele animal,2,"Noi suntem ochii,
Pe care i-a deschis târziu
Asemeni pisicilor,
Ochii fragili pe care îi păzește
Cu grijă și încrâncenare nesfârșită."
Ana Blandiana,Cuplu,1,"Unii te văd numai pe tine,
Alții mă văd numai pe mine,
Ne suprapunem atât de perfect
Încât nimeni nu ne poate zări deodată
Și nimeni nu îndrăznește să locuiască pe muchia
De unde putem fi văzuți amândoi."
Ana Blandiana,Cuplu,2,"Tu vezi numai luna,
Eu văd numai soarele,
Tu duci dorul soarelui,
Eu duc dorul lunii,
Stăm spate în spate,
Oasele noastre s-au unit de mult,
Sângele duce zvonuri
De la o inimă la alta."
Ana Blandiana,Cuplu,3,"Cum ești?
Dacă ridic brațul
Și-l întind mult înapoi
Îți descopăr clavicula dulce
Și, urcând, degetele îți ating
Sfintele buze,
Apoi brusc se-ntorc și-mi strivesc
Până la sânge gura."
Ana Blandiana,Cuplu,4,"Cum suntem?
Avem patru brațe să ne apărăm,
Dar eu pot să lovesc numai dușmanul din fața mea
Și tu numai dușmanul din fața ta,
Avem patru picioare să alergăm,
Dar tu poți fugi numai în partea ta
Și eu numai în cealaltă parte."
Ana Blandiana,Cuplu,5,"Orice pas este o luptă pe viață și pe moarte.
Suntem egali?
Vom muri deodată sau unul va purta,
Încă o vreme,
Cadavrul celuilalt lipit de el
Și molipsindu-l lent, prea lent, cu moarte?
Sau poate nici nu va muri întreg
Și va purta-n eternitate
Povara dulce-a celuilalt,
Atrofiată de vecie,
Cât o cocoașă,
Cât un neg..."
Ana Blandiana,Cuplu,6,"Oh, numai noi cunoaștem dorul
De-a ne putea privi în ochi
Și-a înțelege astfel totul,
Dar stăm spate în spate,
Crescuți ca două crengi
Și dacă unul dintre noi s-ar smulge,
Jertfindu-se pentru o singură privire,
Ar vedea numai spatele din care s-a smuls
Însângerat, înfrigurat,
Al celuilalt."
Ana Blandiana,Câmpia,1,"O, Doamne, dar eu?
Cumpănă a unei fântâni
Cu cât mai în cer
Cu atât mai adânc
Tensionată spre ape,
Privind de acolo câmpia
Arsă de secetă
Și fantomele dropiilor
De mult dispărute
Cum încremenesc cu gâtul întins
Și ascultă."
Ana Blandiana,Cândva arborii aveau ochi,1,"Cândva arborii aveau ochi,
Pot să jur,
Știu sigur
Că vedeam când eram arbore,
Îmi amintesc că mă mirau
Ciudatele aripi ale păsărilor
Care-mi treceau pe dinainte,
Dar dacă păsările bănuiau
Ochii mei,
Asta nu îmi mai aduc aminte."
Ana Blandiana,Cândva arborii aveau ochi,2,"Caut zadarnic ochii arborilor acum,
Poate nu-i văd
Pentru că arbore nu mai sunt,
Sau poate-au coborât pe rădăcini
În pământ,
Sau poate,
Cine știe,
Mi s-a părut numai mie
Și arborii sunt orbi dintru-nceput..."
Ana Blandiana,Cândva arborii aveau ochi,3,"Dar atunci de ce
Când trec de ei aproape
Simt cum
Mă urmăresc cu privirile
Într-un fel cunoscut,
De ce când foșnesc și clipesc
Din miile lor de pleoape
Îmi vine să strig -
Ce-ați văzut?..."
Ana Blandiana,Cântecul,1,"Cântecul ăsta îl scriu pe frunze cu-o dudă,
În urma mea vin furnici în cohorte și-l sorb,
Nici o ureche nu va putea să-l audă
Și tot văzduhul va fi pentru raza mea orb."
Ana Blandiana,Cântecul,2,"Furnicile însă îl vor purta în pământ
Și ploile nu vor putea pătrunde să-l șteargă,
Semințele îl vor înțelege căzând
Și-l va simți numai fragedul vierme din fragă."
Ana Blandiana,Cântecul,3,"Iarba-l va scoate anul viitor la lumină
Și-o să-l crească și-o să-l usuce soarele,
Iar dac-o să aibă noroc or să vină
Și or să-l pască somnoroase și indiferente mioarele."
Ana Blandiana,Cântecul,4,"Va curge în lapte apoi înțelept, înstelat,
Și nimeni n-o să-și mai aducă aminte
C-a fost zămislit din păcat,
C-a fost gândit în cuvinte."
Ana Blandiana,Cât aș fi vrut,1,"Cât aș fi vrut să fie
Totul perfect ca o plantă
Pe care doar toamna târzie
Are puterea s-o stingă
Și peste care ninsoarea
Are norocul să ningă
Viața cealaltă."
Ana Blandiana,Cât aș fi vrut,2,"Cât aș fi vrut
Să nu semănăm nimănui,
Frumoși și curați
Să nu știm lupta niciodată,
Să trecem prin lume
Străini de minciună,
De durere mirați,
Fericiți de-a ajunge-mpreună
În viața cealaltă."
Ana Blandiana,Cât aș fi vrut,3,"Cât aș fi vrut
Să fim egali totdeauna,
Tineri mereu alunecând pe o pantă
La capătul căreia umed, adânc
Răsfrânge-se luna
În viața cealaltă."
Ana Blandiana,Cât aș fi vrut,4,"Cât aș fi vrut.
N-am pierdut
Decât o clipă înaltă,
Destulă urii să ne împroaște
Cu moarte,
Să ne rostogolească tot mai departe
Deolaltă,
Singuri și-atât de bătrâni
Că nu ne-am putea recunoaște,
Chiar de ne-am mai întâlni
În viața cealaltă."
Ana Blandiana,Cărare,1,"Cărare dreaptă
Trasă prin iarbă
De pieptănul tălpilor goale
Ca printr-un păr
Al țărânii,
Creștet fierbinte de somn
Și gata să se prăvale
De bună voie din toamnă
Precum din viață, bătrânii."
Ana Blandiana,Dacă,1,"Și dacă, în noaptea din jur,
Mi-aș da, cu un gest cunoscut,
Foc în piața cea mare
S-ar trezi cineva din somn
De prea multă lumină
Sau ar întreba cineva
De unde mirosul de fum?
O pace fierbinte-ntreruptă
Din când în când de asfaltul
Crăpând senzual sub puterea
Pumnului ierbii. Miroase"
Ana Blandiana,Dacă,2,"Un pom înflorit într-o curte
Și-aproape cu pulsul se-aude
Fructul în floare crescând.
Istorie,
Mai slabă și mai fără rost decât firul
Nevăzut de polen
Care naște un rod..."
Ana Blandiana,Dacă,3,"Dacă aș fi fost făcută
Să mă plimb printre frunze de mentă
Pe margini subțiri de pâraie
Curgând peste ierburi
Cu mirosuri străvechi;
Dacă nu mi-ar fi fost
Zidit între tâmple
Clopotul a cărui bătaie
Sparge pereții de os și inventă
Spaime legate-ntre ele prin rime perechi;
Dacă nu mi s-ar da mereu
Și mereu aceeași dovadă dementă"
Ana Blandiana,Dans în ploaie,1,"Lăsați ploaia să mă îmbrățișeze de la tâmple până la glezne,
Iubiții mei, priviți dansul acesta nou, nou, nou,
Noaptea-și ascunde ca pe-o patimă vântul în bezne,
Dansului meu i-e vântul ecou."
Ana Blandiana,Dans în ploaie,2,"De frânghiile ploii mă cațăr, mă leg, mă apuc
Să fac legătura-ntre voi și-ntre stele.
Știu, voi iubiți părul meu grav și năuc,
Vouă vă plac flăcările tâmplelor mele."
Ana Blandiana,Dans în ploaie,3,"Priviți până o să vi se atingă privirea de vânt
Brațele mele ca niște fulgere vii, jucăușe -
Ochii mei n-au cătat niciodată-n pământ,
Gleznele mele n-au purtat niciodată cătușe!
Lăsați ploaia să mă îmbrățișeze și destrame-mă vântul,
Iubiți-mi liberul dans fluturat peste voi -
Genunchii mei n-au sărutat niciodată pământul,
Părul meu nu s-a zbătut niciodată-n noroi!"
Ana Blandiana,Darul,1,"Tragic mi-e darul, asemeni pedepselor vechi.
Ce strămoș mi-a greșit ca să-i port - lauri - vina?
Tot ce ating se preface-n cuvinte
Ca-n legenda regelui Midas."
Ana Blandiana,Darul,2,"Aproape mi-l simt pe regele mort de blestemul
Ca mâna lui să prefacă în aur orice,
Să moară flămând pentru că pâinea uscată în aur
Nu mai putea s-o mănânce, nici apa s-o roadă."
Ana Blandiana,Darul,3,"Cerul nu pot să-l privesc - se înnorează de vorbe,
Merele cum să le mușc împachetate-n culori?
Dragostea chiar, de-o ating, se modelează în fraze,
Vai mie, vai celei pedepsite cu laude."
Ana Blandiana,Darul,4,"Vai mie, vai, arborii nu scutură frunze,
Numai cuvinte cad toamna bătrâne și galbene,
Munții înalți îi iubesc, dar se clatină munții
Sub povara împerecheatelor sunete."
Ana Blandiana,Darul,5,"Aș vrea să adun vorbele toate-ntr-un loc,
Să le aprind, să dezbrac lumea de ele,
Dar s-ar scoroji trupul lumii asemeni
Frumosului prinț cu piele de porc din poveste."
Ana Blandiana,Darul,6,"Odată cu ele ar arde și lumea lipită
Pe partea interioară-a cuvintelor ca într-un album...
Nu știu eu oare desparte sau nici nu se poate desparte
Lumea de lumea cuvintelor mele de-acum?"
Ana Blandiana,De ce,1,"De ce visează fructele alcooluri,
Și ierbile miresme iuți și tari,
Într-o lumină-atât de blândă
Că te îndeamnă să dispari?
De ce se pregătesc să se salveze,
Congestionați nedemn pe cer, cocorii,
Când poți s-aștepți cu-atâta pace
Să te destrami ușor, ca norii?
De ce se-nchid albinele în stupi
Și în semințe florile prevăzătoare,
Când toamna e atât de bună
Și ne învață cum se moare?"
Ana Blandiana,De ce nu m-aș întoarce printre pomi?,1,"De ce nu m-aș întoarce printre pomi,
Printre arborii chirciți de vântul fierbinte,
Printre stolurile de frunze
Care țipă ca păsările,
Printre frunzele aproape nebune,
Amestecate în hoardele pescărușilor
Și pornite la pradă,
De ce nu m-aș întoarce
Pe plaja răscolită de vânt
Printre icre uscate și putrede alge
Unde mă pot rostogoli plângând -
Frunzelor, păsărilor, peștilor,"
Ana Blandiana,De ce nu m-aș întoarce printre pomi?,2,"Predându-mă hohotitoare,
Sub soarele aspru,
Prin zăpada sărată,
Unde mă vezi și mă lași,
O, mare,
Trupul meu poate să-și nască urmașii
Sufletul meu niciodată."
Ana Blandiana,Definiție,1,"Casă împletită din ramuri de salcie
Și cioplită apoi ca Adam din pământ,
Casă acoperită c-o orgă de papură
Gata să curgă în cânt;
Casă spălată de rouă și ștearsă de soare,
Casă-nvelită, ca un zeu mic, într-un nor
Și care asemenea mării se trage spre lună
Din noaptea cu greieri și cu pridvor;
Casă apărată de pomi și de vițe cu struguri
Și vegheată de albine, de licurici, de lăstuni,
Pe care se cațără vitejește dovlecii
Și se-ncaieră crengi încărcate de pruni;"
Ana Blandiana,Definiție,2,"Casă zidită din litere pe stâlpi de silabe,
Sprijinită-n cuvinte, suspendată de stele,
Liniștea pune foi albe în juru-ți
Cerul și-așterne cerneala pe ele."
Ana Blandiana,Departe,1,"Făptura care poartă numele meu
Se mișcă printre noi,
O zăresc totdeauna
De foarte departe -
O siluetă abia
Sau un gest uimitor."
Ana Blandiana,Departe,2,"O aud râzând
Și-mi aud cuvintele
Rostite de ea,
Devenite străine."
Ana Blandiana,Destul,1,"O frunză cu cinci degete,
O stea cu cinci degete,
Și mâna mea
Căreia nu-i e destul
Să se lase bătută de vânt,
Să stăpânească în noapte."
Ana Blandiana,Din apă ieșeau trupuri albe de plopi,1,"Din apă ieșeau trupuri albe de plopi
Cu forme somnoroase și suave,
Adolescenți frumoși sau doar femei,
Dulce confuzie, pletele jilave
Nu îndrăzneau dorința s-o ascundă,
Apa era fără sfârșit, rotundă,
Luna turna pe luciul ei
Ulei."
Ana Blandiana,Din apă ieșeau trupuri albe de plopi,2,"Pășeam desculți și limpezi,
Îmi simțeam
Degetele adormite-n mâna ta,
Era atâta dragoste pe ape
Că nu ne puteam scufunda,
Era atâta liniște că timpul
Nu îndrăznea să spună vreo secundă,
Cerul nu rostea nici un nor,
Apa nu-ngăima nici o undă,
Doar tălpile goale
Călcând în lumină de lună
Scoteau un sunet ușor."
Ana Blandiana,Din clipa...,1,"...Din clipa aceea începe
Iubirea sălbatecă de animal pentru pui.
Femeile ar trebui să moară la nașterea fiilor lor,
Totul ar fi atât de frumos în natură..."
Ana Blandiana,Din clipa...,2,"Plante-mpăcate și odihnitoare ar crește
Din coapsele lor cuibărite cuminți în durere,
Șerpi dulci s-ar prelinge-n țărâna
Depusă-ntre sânii lor grei,
Și fructe-ar rodi pe pământul
Hrănit cu lapte de mamă."
Ana Blandiana,Din clipa...,3,"Totul ar fi atât de frumos.
Din jetul tremurător al sfințeniei
Femeile ar coborî în elemente zâmbind...
Dar nu se întâmplă așa."
Ana Blandiana,Din clipa...,4,"Nu sunt omorâte.
Așa cum nici Hamlet nu-l omorâse pe rege
În timpul de rugă,
Temându-se
Că regele, poate, atunci, ar pătrunde în rai."
Ana Blandiana,Din când în când,1,"Mi-e dor din când în când de voi
Ca unei păsări de pământ.
Când obosesc de prea mult zbor,
Când carnea mi se trage-n gânduri
Și simt că sui înspre înalt
Doar amintirea unui trup,
Vin să mă odihnesc acasă
Și să mă nasc puțin din nou,
Mă prăbușesc aproape-nfrânt,
Cobor epuizat spre oameni,
Cum păsări mari din când în când
Se-ntorc să doarmă pe pământ."
Ana Blandiana,Dorința,1,"Să fie o dimineață copilăroasă și moale
Prin care, trecând, lumina să scoată
Foșnet de frunză uscată;
Să miroase-n odaie
A creioane ascuțite prelung
Și-a hârtie neîncepută;
Din gânduri, din dragoste
Sau numai din somn trezindu-mă
Bucuroasă, buimacă
Să trag pe mine o haină,
Să ies năucită în stradă
Cu picioarele goale-n pantofi"
Ana Blandiana,Dovezi,1,"Îngeri bătuți cu pietre
Care mai au tăria
Să nu se-ndepărteze în văzduh
Îmi cer, răniți
Și frânți de oboseală, găzduire
Și-n timp ce încă fâlfâie ușor
Adorm umili și fragezi prin caiete,
Trăgându-și doar în somn
Când li se face frig,
Câte o filă albă peste aripi."
Ana Blandiana,Dovezi,2,"Dimineața știu că n-am visat
După amprentele penelor pe pagini
Și mă grăbesc să le memorez
Înainte de a-mi fi confiscate
Ca să se decreteze specii noi
De păsări de pradă."
Ana Blandiana,Duminecă,1,"Crezi că nu știu
Că în dosul
Acestui mirific incendiu
Al pădurii căzute în roșu
Nu e decât timpul
Laș care trece
Mascându-și plecarea
Cu spectaculoase și ipocrite minuni?
Crezi că nu știu
Că gutuile
Nu cad sub regala
Lor greutate,"
Ana Blandiana,Duminecă,2,"Ci-nvinse de-omizi
Născute din dragostea
Prevăzătoare
A meschinilor fluturi
Extravaganți și nebuni?
Crezi că nu știu
Că victorioasa întoarcere
A lăstunilor
Nu-i decât rezultatul
Alegerii crude
A celor puternici și răi
Dintre cei slabi și buni?"
Ana Blandiana,Duminecă,3,"Fii liniștit,
Mi s-a spus
Totul și nici o iluzie
N-a rămas nealungată,
Învățătorii și-au făcut datoria."
Ana Blandiana,Duminecă,4,"Dacă, în după amiaza
De duminecă-a toamnei,
Lumea îmi pare perfectă,
Numai eu sunt vinovată,
Numai eu voi plăti - luni."
Ana Blandiana,După felul în care alunecă luna,1,"Simt că te-apropii întotdeauna
După zăpăceala mestecenilor
Care-ncep să se-agite
Și să foșnească-n neștire,
După felul nesigur
În care alunecă luna,
Tu ești atât de înalt și de subțire
Și ți-e atât de frig."
Ana Blandiana,După felul în care alunecă luna,2,"C-o mână peste ochi
Și tremurând desferici
Păduri fără frunze,
Sate fără biserici..."
Ana Blandiana,După felul în care alunecă luna,3,"Întoarce-te,
Întoarce-te mai repede,
Spune zilelor să te lepede,
Apelor să te lunece,
Stelelor să te-ntunece."
Ana Blandiana,După felul în care alunecă luna,4,"Închide ochii, florile
Pe care le privești se sting,
Păsările pe care le privești apun,
Apele se fac mai mici."
Ana Blandiana,După felul în care alunecă luna,5,"Nu e vina ta că nu ești de aici.
Închide ochii,
Nu e vina ta, limpedele meu mire,
Tu ești atât de înalt și de subțire..."
Ana Blandiana,E destul să adorm,1,"E destul să adorm,
Ca să mă întorc acolo
De unde numai eu cred că am plecat,
Numai eu și câinii,
Care mă simt apropiindu-mă
Și umplu visul de larma
Bucuriei lor agresive."
Ana Blandiana,E destul să adorm,2,"E destul să adorm,
Ca să simt
Miros aproape impudic de verde
De ierburi înalte care te cheamă s-adormi,
Somn în somn,
Lumină-n lumină pierzându-se,
În hămăiturile senzuale
Atotștiutoare ale câinilor,
La marginea genelor unde
Peisajul se face subțire
Și numai al tău..."
Ana Blandiana,Eclipsă,1,"Renunț la milă greu ca la un viciu,
Cu milă sunt drogată de copil.
Alb înstelat de ridicol plâng
Lângă fricos, lângă învins, lângă umil."
Ana Blandiana,Eclipsă,2,"Îi plâng pe proști și proștii mă înving,
Surâzători sub steaua mea sterilă.
De gingășie tot mai mult mă-ntunec
Și pier de umanism și milă."
Ana Blandiana,Eclipsă,3,"Înduioșate mâini întind să mângâi
Fiare gonind spre mine hămesite,
Și-mi pare rău că n-o să mai sărut
Și botul care mă ucide."
Ana Blandiana,Eclipsă,4,"Nici n-am trăit spre-a nu jigni pe nimeni
Mi-au prins în țărnă rădăcini genunchii.
Și-mi trece viața încercând să-mi cresc
La capetele aripilor unghii."
Ana Blandiana,Elegie,1,"Bandajează-mi rănile naive,
Doamnă frumoasă și bună,
Rănile prin care credința mi s-a scurs,
Clipă cu clipă, o lună."
Ana Blandiana,Elegie,2,"Frunze ușoare ce nu mai urăsc
Și n-or mai iubi niciodată
Așază-mi-le compresă pe frunte,
Galbenă doamnă iertată."
Ana Blandiana,Elegie,3,"Leagă-mi urechile cu foșnet de aripi
Să uit mecanicul vuiet de zbor
Și pentru a nu mai căuta să-nțeleg
Acoperă-mi ochii ușor."
Ana Blandiana,Elegie,4,"Și lasă ploaia să curgă pe trupul
Prin care uimirea a trecut ca un plug,
Îngăduie limbilor roșii-ale ierbii
Să mă suie pe rug."
Ana Blandiana,Elegie,5,"Îndură-te-apoi și cheamă ninsoarea
Să cadă nebună, să cadă,
Labele păsărilor să-mi pună, pioase,
Cruci pe zăpadă."
Ana Blandiana,Elegie de dimineață,1,"La început făgăduisem să tac, dar apoi, dimineața,
V-am văzut apărând cu cenușă în porți,
Semănând, cum se seamănă grâul, cenușa,
Și n-am mai putut, și-am strigat: Ce faceți? Ce faceți?
Pentru voi am nins toată noaptea deasupra orașului,
Pentru voi am albit toată noaptea; o, dacă
Ați pricepe ce greu e să ningi!
Aseară de cum v-ați culcat am ieșit în văzduh."
Ana Blandiana,Elegie de dimineață,2,"Era întuneric acolo și frig. Trebuia
Să zbor până-n punctul unic în care
Vidul rotește în jurul lui sorii și-i stinge
Și eu trebuia să mai pâlpâi o clipă în unghiul acela
Ca să mă-ntorc ningând printre voi."
Ana Blandiana,Elegie de dimineață,3,"Orice fulg l-am gândit, cântărit, încercat,
Modelat, lustruit cu privirea,
Și acum cad de somn și de oboseală am febră.
Vă privesc semănând praful focului mort
Peste alba mea operă și zâmbind vă destănui -
Or să vină ninsori mult mai mari după mine
Și tot albul din lume va ninge pe voi,
Încercați să pricepeți legea lui de pe-acuma,
Or să vină uriașe ninsori după noi,
Și nu veți avea destulă cenușă,
Și copiii de mici învăța-vor să ningă,
Și-o să-acopere albul slaba voastră tăgadă,"
Ana Blandiana,Eleusis,1,"Totul se termină cu spicul de grâu
Arătat mulțimii pe treptele templului
Tăinuitor de orgii.
Oh, puteam să ne rostogolim
Pe lespezile reci lovite de trupurile
Încă vii, încă vii,
Încleștate de dorință și ură pe rând,
Iubind sau luptând,
Aceeași zbatere fără frâu
Care cere mai mult decât speră,
Când cine nu știe
Că totul se termină cu spicul de grâu..."
Ana Blandiana,Eu cred,1,"Eu cred că suntem un popor vegetal,
De unde altfel liniștea
În care așteptăm desfrunzirea?
De unde curajul
De-a ne da drumul pe toboganul somnului
Până aproape de moarte,
Cu siguranța
Că vom mai fi în stare să ne naștem
Din nou?
Eu cred că suntem un popor vegetal -
Cine-a văzut vreodată
Un copac revoltându-se?"
Ana Blandiana,Eu nu cânt frunza,1,"Eu
Nu cânt frunza,
Cânt numai frageda moarte
Pe care-o ascunde,
Ca pe-o țară îmbătătoare
Și fără sfârșit
În care cine pătrunde
Uită să se mai întoarcă și moare,
Ca să poată merge mereu
Mai departe
Și mai fericit."
Ana Blandiana,Eu nu cânt frunza,2,"Plantele doar,
Pentru că nu sunt în stare
Să povestească
Ce văd,
Sunt lăsate să se întoarcă mereu
Din țara aceea copilărească
De care
Un misterios prăpăd
Ne desparte
În van."
Ana Blandiana,Eu nu cânt frunza,3,"Eu
Nu cânt frunza,
Cânt numai frageda moarte
În care
Visează o dată pe an."
Ana Blandiana,Exasperarea,1,"Exasperarea de-a curge
Spre nimic și spre nimeni,
Cum curge sângele din rană,
Am învățat-o-n lungi istorii
Domesticite de neant,
Acolo unde munții lumii
Se bat în capete și râuri
De lapte și de miere pier
Zadarnic și exorbitant;
Exasperarea de-a crede
Că-i ridicol și chin
Să zgârii veșnicia cu tranșee,"
Ana Blandiana,Exasperarea,2,"Să construiești pe-un plaur o cupolă
Și un destin
Din năzuinți de-a gata;
Exasperarea-n stare să încheie
Și hazul, și necazul, și balada
Prin
Aceeași moarte benevolă..."
Ana Blandiana,Exil,1,"Pornesc în mine în exil.
Tu ești patria mea
De care nu mai pot să mă apropii,
Tu ești țara în care m-am născut
Și am învățat să vorbesc,
Numai pe tine te cunosc în lume."
Ana Blandiana,Exil,2,"Prin ochii tăi am înotat de-atâtea ori
Ieșind pe mal cu trupul tot albastru.
De-atâtea ori am navigat prin tine
Pândind bolborositul prevestitor de hulă
Al sângelui în stare să mă înece-oricând."
Ana Blandiana,Exil,3,"Tu ești partea mea de pământ,
Numai din tine știu să mă înalț.
Stăpâne tu, împădurit
Și semănat cu lacuri,
Ținut pe care-l stăpâneam cândva
Și-n care nu mai pot să mă întorc
Din mine, din străinătatea mea
Lasă-mă noaptea să mă mai visezi,
Să-ți trec prin somn legănător,
Lasă-te locuit de mine noaptea,
Ca genii morți, de gândurile lor."
Ana Blandiana,Fruntea mea,1,"Fruntea mea e o piatră
Peste care trec și se-ntorc
Valurile fluxului și ale refluxului,
O spală și o tocesc,
O sculptează,
O fac nisip,
Se scurg printre firele lui
Tot mai fine,
Tot mai fără chip,
La dus și la-ntors
Sub razele lunii
Coborâte în bernă"
Ana Blandiana,Frunze de animal,1,"Frunze de animal ținut în ploaie,
Umbră pieloasă de gutui,
Un cer zemos care se-ndoaie
Ca să-l consumi și să i te supui."
Ana Blandiana,Frunze de animal,2,"Prea înțelepte capete de aur atârnând
Gândesc miresme ca să te subjuge
Ispititoarei care urcă blând
Prin crengile deschise-n cruce
Și-n frunzele senzuale bolborosește stins
Făgăduieli ciudate și eresuri,
În timp ce ora picură-ntr-adins,
Văzduhul cu mai multe înțelesuri."
Ana Blandiana,Frunze de animal,3,"Ce moarte aromată se coace în gutui!
Ce ți-ai putea dori mai mult s-arăți?
C-un gest pios și singur pui
Rotundul aur putred printre cărți."
Ana Blandiana,Frunzele eu ți le-am dat,1,"Frunzele eu ți le-am dat.
Ți le cer.
Pământul din jurul tulpinii
Primit de la mine restituie-l."
Ana Blandiana,Frunzele eu ți le-am dat,2,"Și seva.
Și posibilitatea de a înflori.
Tot ce ți-am dăruit cândva
Dă-mi înapoi,
Pentru că n-ai înțeles
Fluturii mei,
Pentru că nu te-ai bucurat îndeajuns
De frumoșii mei purtători ai sfârșitului."
Ana Blandiana,Fără nume,1,"Destin rostit de-o ursitoare
Întârziată, jignită,
Urându-ne pentru
Darurile prea multe
Pe care ni le-au dat celelalte;
Constructor
Al infernului nostru particular
În care zilele și nopțile
Se anulează între ele la nesfârșit
Și nu obosesc,
Și nu se dau bătute,
Încât nici mănăstirea,"
Ana Blandiana,Fără nume,2,"Nici ruina ei
Nu se pot încheia vreodată;
Arhitect de valuri
Înălțate mereu
Și mereu năruindu-se
Ca s-o poată lua de la capăt;
Meșter mare
Întrecându-i pe ceilalți
Nu prin știința,
Ci prin exasperarea de a zidi;
Zburător cu aripi de șindrilă
De două ori victimă"
Ana Blandiana,Fără nume,3,"A operei sale;
Blestem
În zidul de litere-al căruia
E închis un popor."
Ana Blandiana,Gara de Nord,1,"Peron murdar, păzit cu grijă
După explozii de hârtie,
Doi pumni la spate prinși în fier
Și între uniforme, fie
Acest stop-cadru chiar emblema
Speranței sub un soare gri!
Prin ochelarii de cătușă,
Viitorul verbului a fi."
Ana Blandiana,Gemeni,1,"Gemeni în uterul spaimei,
Locuitori ai aceleiași celule,
Orbi și muți
În bezna sonorizată sălbatic
Numai de pulsul hrănitor,
Smulgându-ne din nevertebrate,
Din pești și din păsări, din fiare,
Ca să ne poată naște
După chipul și asemănarea Ei."
Ana Blandiana,Gemeni,2,"Fără drept de apel
Condamnați la naștere,
Singuri și neputincioși în fața
Creșterii noastre-nvelite
În trupul ei crescător
Ca-ntr-un mormânt ce dospește viața viitoare."
Ana Blandiana,Glumă,1,"Vântul tânăr a furat hainele copacilor
Și aleargă cu ele hohotindu-le peste câmp,
Copacii au rămas cu trupurile goale în ploaie,
Să schelălăie tragic și tâmp."
Ana Blandiana,Glumă,2,"Țepeni și negri, cu pielea urâtă,
Cu virilitatea de mult rătăcită prin zbârcituri
Copacii impudici sunt caricatura hilară
A îmbătătoarei păduri."
Ana Blandiana,Glumă,3,"Dar sub mângâierea savantă a ploii,
Satiri vegetali, copacii cu seva-n uncrop
Încep să își joace pe șolduri inelele anilor,
Zănatici dansând hoola-hop."
Ana Blandiana,Greutatea omătului,1,"Arborii s-au frânt sub greutatea omătului.
Cine-ar fi crezut?
Păreau atât de fericiți,
Îmbrăcați în nori eleganți
Croiți pe măsură,
Încât nimeni nu s-a gândit
Să inventeze
Un aparat de cântărire a norilor!"
Ana Blandiana,Hohotul,1,"În fiecare hohot
Un zeu se dezvăluie
Umflându-și faldurile
Hainei lui largi prin văzduh."
Ana Blandiana,Hohotul,2,"Sunt atâtea feluri de zei
Pe pământ
Încât nu vom prididi niciodată
Să plângem sau să râdem destul
Pentru a-i scoate din ascunzători."
Ana Blandiana,Hotarul,1,"Caut începutul răului
Cum căutam în copilărie marginile ploii.
Alergam din toate puterile să găsesc
Locul în care
Să mă așez pe pământ să contemplu
De-o parte ploaia, de-o parte neploaia."
Ana Blandiana,Hotarul,2,"Dar întotdeauna ploaia-nceta înainte
De a-i descoperi hotarele
Și reîncepea înainte
De-a ști până unde-i seninul."
Ana Blandiana,Hotarul,3,"Degeaba-am crescut.
Din toate puterile
Alerg și acum să găsesc locul unde
Să mă așez pe pământ să contemplu
Linia care desparte răul de bine."
Ana Blandiana,Hotarul,4,"Dar întotdeauna răul încetează-nainte
De a-i descoperi hotarul
Și reîncepe-nainte
De-a ști până unde e binele."
Ana Blandiana,Hotarul,5,"Eu caut începutul răului
Pe acest pământ
Înnorat și-nsorit
Rând pe rând."
Ana Blandiana,Iarna stelele,1,"Iarna stelele
Sunt atât de departe
Că nu poți să le vezi
Prin singurătate."
Ana Blandiana,Iarna stelele,2,"Iarna mările
Sunt atât de streine
Că nici cursul izvoarelor
Nu li se mai cuvine."
Ana Blandiana,Iarna stelele,3,"Iarna morții
Sunt atât de reci
Că îngheață pământul
Emisferei de veci."
Ana Blandiana,Iată,1,"Iată, mă spăl într-un râu de secunde
Și mă șterg cu un ștergar de ore curat,
Și pletele mele de ani
Mi le pieptăn într-o oglindă de timp,
Și firul ierbii e un ano-timp verde,
Și firul fânului, unul uscat,
Și cerul, o vreme care
Din lipsă de graniți se pierde;
Căci timpul nu e miez niciodată,
Ci numai început și sfârșit -
Până n-ai murit
Moartea e și ea durată,"
Ana Blandiana,Impudice fructe,1,"Impudice fructe crăpate,
Arătându-și sâmburul gol,
Înalță-n văzduhul pierdut
Aburi mirați de alcool;
Miros vegetal de iubire
Sub soarele picotitor
În care plante de aur
Răsar, dorm o vară și mor;
Lene fierbinte și-adâncă,
Unde se-opresc și albinele,
Lumină atât de puternică,
Încât stinge răul și binele"
Ana Blandiana,Impudice fructe,2,"Într-o beatitudine
Uimită ea însăși de sine;
Fructe senzuale cu viermi
În cărnile dulci de rușine..."
Ana Blandiana,Joc,1,"Uite, ploaia coase
Cerul de pământ
Cu fir de mătase
Răsucit de vânt."
Ana Blandiana,Joc,2,"Uite, iarba țese
Pământul de nori.
M-am gândit adese-
Ori, adeseori:
De la voi se vede
Iarba ca o ploaie
Care curge verde
Peste cer și-l moaie,
Iar ploaia o fi
Pe-a norilor cale
O iarbă mai gri
Sub tălpile tale."
Ana Blandiana,Joc,3,"Hai să facem schimb,
Să vezi și tu cum e -
Tu îmi dai un nimb,
Eu îți dau un nume;
Iar dacă ne-ntreabă
Care-or fi din două -
Ploaia-n nori e iarbă,
Iarba-n ceruri plouă;
De ne ispitește
Care-i adevărul -
Ploaia-n nouri crește,
Iarba spală cerul."
Ana Blandiana,Leagăn,1,"Coboară verdele în galben
Ca într-un leagăn mai blând
În care îngeri se dezbracă și-și aruncă
Hainele mototolite pe pământ,
Pământul tot se-ascunde în odăjdii,
Sub care firul nopții dă colț
Și crește pur,
O, numai în octombrie poți să întâlnești
Îngeri goi râzând prin păduri."
Ana Blandiana,Leagăn,2,"Mânjiți de rouă pe obraz
Cu dinții negri de afine,
Cu spini și frunze agățate-n pene,
Ne fac cu mâna
Fără să te recunoască
Și fără să le fie
Nici frică, nici rușine."
Ana Blandiana,Leagăn,3,"Pe unde calcă,
Talpa strivește fruct
Și-nseamnă
Sămânța destinată nerodirii,
Ne pierdem printre ei -
Acestei lumi
Crepusculare
Noi îi suntem mirii."
Ana Blandiana,Leagăn,4,"O, mirii norocoși ce niciodată
Sortiți au fost să nu închege rod.
Se miră îngerii că nu port aripi
În felul lor stângaci, puțin nerod;
Copilăroși, încearcă să-și descheie
Însemnele puterii de pe omoplați."
Ana Blandiana,Leagăn,5,"Nereușind,
Se-apleacă supărați
Și-ncep s-arunce-n mine
Cu fructe și semințe..."
Ana Blandiana,Lună plină,1,"Vino, lună, și ne desprinde din somn,
Aruncă-ți în apele noastre năvodul
Și trage-ne-afară,
Deșeartă-ne
În insomnia văzduhului!
S-ar putea să nu rezistăm,
De-atâta somn plămânii să fi trecut în branhii,
Dar,
Cu orice risc, trezește-ne
Și lasă-ne, liberi și singuri, pe mare:
Să înaintăm încet,
Cu infinită prudență,"
Ana Blandiana,Lună plină,2,"Pe suprafața lichidă,
Pe arhitectura valurilor mereu în schimbare,
Pe orizontul ca o frânghie întinsă
Între două infernuri,
Cu ochii în ochiul tău înnebunit de speranță..."
Ana Blandiana,Martorii,1,"Mai vinovați decât cei priviți
Sunt doar cei ce privesc,
Martorul care nu împiedică crima,
Atent s-o descrie,
Scuzându-se „Nu pot să fac
Două lucruri în același timp"",
Sau „Portretul victimei, îngeresc,
E mai important decât viața ei
Pământească."""
Ana Blandiana,Martorii,2,"Vinovați nu pot să fie
Doar unul, doar doi sau doar trei,
Când armate de martori privesc
Și așteaptă să se sfârșească,
De bătrânețe să moară călăul,
Și victima, a doua oară, de uitare,
Să se sfârșească de la sine răul
Cum se sfârșește pur și simplu un tunel..."
Ana Blandiana,Martorii,3,"Stăm suspendați
De propria-ne-ntrebare
Ca de-o spânzurătoare
Un drapel."
Ana Blandiana,Metamorfoze,1,"Îngerii au îmbrăcat haine de păsări
Care îi strâng pe sub aripi,
Păsările au îmbrăcat haine de pești
Ca să zboare sub mări."
Ana Blandiana,Metamorfoze,2,"Fiarelor le crește iarba la subțiori
Și subțiri rădăcini din copite,
Vorbele se-mperechează îndrăgostite
Ca să nască ocări."
Ana Blandiana,Metamorfoze,3,"Ca și cum nu eu
Sunt cel care strig
Ajutor,
Îmi astup urechile să nu mai aud
Și ochii-i întorc
Greu, ca pe niște pietre de moară săracă,
Scrâșnind."
Ana Blandiana,Metamorfoze,4,"Sunt
Ca o sămânță-ngropată
Care nu vrea să se facă
Nici plantă, nici pământ."
Ana Blandiana,Minunea,1,"Minunea trosnește sub tălpile mele
Abia îmbrăcată în frageda formă
A crengilor ude,
Deasupra capului meu se dezlănțuie
Și picură-n mine,
Glasul ei limpede
Și neînțeles se aude."
Ana Blandiana,Minunea,2,"Ea curge pe pietre
Și le face frumoase,
Adoarme în fragi
Și le coace în somn,
Conul de brad i-e palat,
Leagăn ochiul de cârtiță,
Lumânare
Oricare pom."
Ana Blandiana,Minunea,3,"În ea încap
Și fructele și rădăcinile,
Și fluturii și albinele,
Și răul și binele
Din cer și de pe pământ,
Și chiar și eu,
Nevrednica,
Nealungată
Niciodată
Din raiul
Pe care-am încercat
Să-l pângăresc"
Ana Blandiana,Moarte în lumină,1,"Tu știi
Câte aluviuni
Lasă în mine apa curgătoare a zilei
Și ce eroică beznă îmi trebuie
Să mă curăț de ele
Și cum,
Atunci când ochii mei abia au uitat
Forma străină a corpurilor
Și nici o rază
Nu le mai tulbură adânca vedere,
Urechile înspăimântate
Încep să distingă"
Ana Blandiana,Moarte în lumină,2,"Scurgerea timpului
Din nou înspre zi.
Împins,
Întunericul primește contururi,
Se face impur și se mișcă,
Înălțat din zăpadă
Câinele ascultă ceva,
Paznicul începe să-și închidă
Mantaua."
Ana Blandiana,Moarte în lumină,3,"Ajutor, strig
Sperând
Că ar mai putea cineva
Să-l oprească."
Ana Blandiana,Moarte în lumină,4,"Dacă
Nu s-ar mai face dimineață? -
Întreb sperând
Că mă mai poate ajuta cineva."
Ana Blandiana,Moarte în lumină,5,"Dacă nimic nu s-ar mai clinti?
Dacă nu s-ar mai pune în mișcare
Imensa roată
Care mă trage pe zi?"
Ana Blandiana,Moarte în lumină,6,"Numai de tine atârnă asta, tată,
Numai de tine depinde
Ca-n leagănul cald
În care singur m-ai născut
Să-mi vii alături."
Ana Blandiana,Moarte în lumină,7,"Brațele mele tu mi le-ai făcut
Și-n întuneric te găsesc pe tine,
Și răsuflarea mea,
Din răsuflarea ta înmugurită,
Lângă clavicula-ți subțire
Numai noaptea o simți,
Și doar din beznă ochii tăi mă văd,
Și mi-e atât de bine,
Și ți-e atât de bine."
Ana Blandiana,Moarte în lumină,8,"Iubitul meu, Doamne, tatăl și fratele meu,
Nu prăvăli deasupra mea lumina
Ca să dispari în albul ei prăpăd.
Nu-ți fie teamă de mine!"
Ana Blandiana,Moarte în lumină,9,"Dacă nu s-ar mai face dimineață,
Dacă alunecosul pisc al nopții
Nu mi-ar fugi mereu de sub picioare,
Cine ar îndrăzni să înjosească
Noptoasele mele izbânzi,
Singurătatea fără țărm în care
Te simt din când în când cum vii
Și-apoi te zbați să te desprinzi?
E păcat, Doamne, că te-nchid în mine
Ca-ntr-o capcană, ca să te mângâi?"
Ana Blandiana,Moarte în lumină,10,"Împotriva ta
Cine-ar îndrăzni să-mi vină-n ajutor?
Soarele numai pe tine te-ascultă
Și-odată cu soarele
Cresc în jurul meu
Pădurile de ochi
Mângâioși, umili și uzi."
Ana Blandiana,Moarte în lumină,11,"Ajutor, ajutor,
Numai tu le poți porunci să adoarmă,
Numai tu,
Fratele meu întru negăsire,
Tu,
Întru căutare mire,
Tu,
Cel ce-ți astupi cu aripa urechile
Să nu mă auzi."
Ana Blandiana,Moarte în lumină,12,"Nicicând n-am fost mai muritoare
O, spinii tăi îmi intră-n umăr dulci,
Ești prea aproape
Ca să simt durerea
Când capul lin pe pieptul meu îl culci."
Ana Blandiana,Moarte în lumină,13,"Se face noapte peste calendare,
Te leagăn, tată,
În leagănul meu
Și-mi vine să surâd
Când îmi aduc aminte
Că fiul meu cuminte-i Dumnezeu."
Ana Blandiana,Moarte în lumină,14,"Dar noaptea-l crește și mi-l face frate
Și uită că mi-e frate în curând,
Lângă clavicula-i subțire
Gura mea sfântă respirând
O clipă numai indecisă."
Ana Blandiana,Moarte în lumină,15,"Și apoi
Devii din nou părinte.
Ce spaimă dinainte
De-a fi și eu pe lume
Te face să chemi zorii peste noi?
Când m-ai născut
Te-ai bucurat."
Ana Blandiana,Moarte în lumină,16,"Ce nostalgie a puterii tale
De dinainte de-a iubi
Te face
Să răsucești lumina-n amândoi?"
Ana Blandiana,Moarte în lumină,17,"În jurul meu pădurile de ochi,
Locul câinelui desenat pe zăpadă,
Paznicul dormind în soare undeva.
Din ce în ce mai muritoare,
Ce păcat - murmur și nu înțeleg
Dacă păcatul îl plâng
Sau speram doar să vină."
Ana Blandiana,Model,1,"Oh, fuga celui singur
Către Singurul,
După modelul căreia
Curg izvoarele
Și se formează avalanșele -
Câtă spaimă și cât eroism,
Câtă singurătate."
Ana Blandiana,Model,2,"Când se depărtează de mine
O urmez
Gata de orice,
Cu sufletul la gură."
Ana Blandiana,Model,3,"Când se întoarce,
Mă ascund înspăimântată
Și încerc să dispar.
Fuga celui singur
Dinspre și spre
Centrul singurătății,
După modelul căreia
Fac mările valuri!"
Ana Blandiana,Morfologie,1,"Dor aproape stins de lume,
Dor aproape stins de mine,
Substantive și pronume
Ale unei limbi străine
Dintre frazele căreia,
Moi și vechi, de catifea,
Verbe fermentând ideea
Să visez în limba mea."
Ana Blandiana,Morfologie,2,"Singura din limbi pe care
O murmur în somn și-n gând,
Răscolită declinare
Între leagăn și mormânt;
Cea pe care o-nțelege
Marea și-o vorbesc și munții -
Dulce, nenvățată lege,
Adjective și conjuncții,
Interjecțiile fierbinți,
Gândul care vrea să fie,
Dor de-o lume cu părinți
Și cu o copilărie."
Ana Blandiana,Mă-ntorc în toamnă,1,"Mă-ntorc în toamnă cum mă-ntorc acasă
Din țări mai libere și mai bogate -
Știu iarna care vine, știu bruma care cade
Și ceața nesfârșită, ne-nțeleasă."
Ana Blandiana,Mă-ntorc în toamnă,2,"Dar eu visez amiaza-mbrățișată
De frigul dimineții și al serii,
Ora de miere, galbena zăpadă
Pe care-o ning din crengi învinse merii,
Eu plâng de bucurie în lumina
Nestinsă încă de uriașe nopți
Și-n strugurii zdrobiți în teasc din vina
De-a fi prea buni, prea dulci, prea copți."
Ana Blandiana,Mă-ntorc în toamnă,3,"Eu vin spre frig, deși de frig mi-e groază,
Spre fructul putred care se consumă
În alcoolul limpede-n amiază
Și tulburat în asfințit de brumă."
Ana Blandiana,Mă-ntorc în toamnă,4,"Mi-e frică de întuneric și totuși vin, și vin
Din nesfârșite veri strălucitoare,
Unde tânjesc spre fericitul chin
Al boabei ce apune-n vin și moare."
Ana Blandiana,Mă-ntorc în toamnă,5,"Orgoliu fraged, dragoste copilăroasă,
Fatală, somnoroasă demnitate -
Mă-ntorc în toamnă cum mă-ntorc acasă
Din țări mai libere și mai bogate."
Ana Blandiana,Măsură,1,"Maibinele și mairăul
Nu există.
Ele sunt doar fantasme,
Visuri fără măsură
Ale binelui și ale răului,
Promisiuni
Menite să amâne clipa
Înspăimântătoare
În care am putea descoperi
Că nici binele, nici răul
Nu există,
Ci sunt numai fantasme,"
Ana Blandiana,Măsură,2,"Visuri fără măsură
Ale unor și mai neînsemnate,
Și mai ambigue
Adverbe."
Ana Blandiana,N-ai uitat graiul plantelor,1,"Știu, ai venit numai să-mi spui ceva,
Ceea ce norii nu puteau să-mi spună,
Nu poți rămâne,
N-ai haine călduroase
Și n-ai uitat graiul plantelor,
Tu ai venit numai să lași pe fruntea mea
Semnul care se citește „Noapte bună""."
Ana Blandiana,N-ai uitat graiul plantelor,2,"Ți se face frig și pleci
Fără să mă iei,
Toate vietățile pământului
Vin, privesc semnul
Și mi se închină,
Pădurile îmi aduc jertfă frunze,
Șopârlele piei,
Dar în jurul meu rămâne lumină."
Ana Blandiana,N-ai uitat graiul plantelor,3,"Și atunci
Vietățile pământului
Îmi cer socoteală și plată,
Pădurile se retrag jignite în șoapte,
Tu ești dus."
Ana Blandiana,N-ai uitat graiul plantelor,4,"N-ai lăsat nici o punte,
Mi-ai pus semnul nopții pe frunte
Dar nu mi-ai spus
Dacă se face vreodată noapte."
Ana Blandiana,O jumătate de lună,1,"O jumătate de lună
Cade stângace prin cer -
Fă-mă să uit,
Înger stingher,
Fă-mă să uit,
Sau fă-mă s-adorm
În singurătatea
Crescută diform."
Ana Blandiana,O jumătate de lună,2,"Iar dacă visez,
Înger înțelept,
Să nu mai țin minte
Când mă deștept."
Ana Blandiana,O jumătate de lună,3,"Fă-mă să uit,
Sau fă-mă să scriu
Cu țipăt continuu,
Înger pustiu."
Ana Blandiana,O jumătate de lună,4,"Ochiul meu rece
Acoperă-l, îngere,
Cu o pleoapă
În stare să sângere
Peste prealimpede-
Le înțeles
Minte-mă blând
Și du-mă-n eres,
Dă-mi jumătatea
De lună-n neștire,
Dar fă-mă să uit,
Înger subțire."
Ana Blandiana,O jumătate de lună,5,"Sfâșie-mi al
Neuitării delir,
De singurătate-mi
Să nu mă mai mir."
Ana Blandiana,Oboseală,1,"Ce morți cuminți avem!
Nu izbucnesc prin vulcani,
Nu se clintesc de sub zidurile
Întemeiate pe ei."
Ana Blandiana,Oboseală,2,"Se lasă închiși în statui
Cu gesturi cioplite de alții,
Se lasă-nhămați în drapele
Pe drumuri necunoscute,
Se lasă arați și putrezesc conștiincios
Să hrănească pământul."
Ana Blandiana,Ochiul meu,1,"Ochiul meu este
Un animal
Care a încetat de mult
Să fie omnivor."
Ana Blandiana,Ochiul meu,2,"La început
Se mulțumea cu puțin:
Câteva crengi, câteva frunze,
O floare, un fir."
Ana Blandiana,Ochiul meu,3,"Apoi a trecut la esențe
Și numai boabele, grăunțele, semințele
Îi mai stârneau interesul
Și pofta de sens."
Ana Blandiana,Ochiul meu,4,"Iar acum refuză pur și simplu
Să mai înghită ceva,
Își încleștează genele ca pe niște dinți
Înfricoșați de ei înșiși
Și nu mai acceptă nimic,
Strigând că are tot ce-i trebuie înăuntru."
Ana Blandiana,Ochiul meu,5,"Cantități enorme de merinde
Pe care le devoră cu lăcomie,
Dovadă lacrimile care picură din când în când
De sub pleoapele închise
Ca o salivă scăpând indecent și senil..."
Ana Blandiana,"Oh, trupul tău",1,"Oh, trupul tău îl văd printre cerneală,
Cerneala-nămolindu-ne și-n somn
Ca o sudoare acră, animală.
Vreau să te-ajung
Și degetele-mi lunecă,
Nu te mai văd,
Abia te-aud,
Spune-mi, mai spune-mi
Că la fel ne-ntunecă
Vârtejul în care m-afund."
Ana Blandiana,"Oh, trupul tău",2,"Te chem,
Dar violent ca dintr-o rană
Cerneala izvorăște între noi.
Mă mai cunoști, mă mai aștepți,
Mă mai îngădui înapoi,
Mă mai primești
Din vânătul noroi?
Mai vii
Peste câmpii albastre,
Mări pustii,
Înlăcrimat și mut
Ca să îți pot întinde"
Ana Blandiana,Ora,1,"Oasele mele de-argint
În jurul cărora
Se torc lungi orbite de sori
Luminând disperării,
Simt că se-apropie ora
Anunțată de atâtea ori."
Ana Blandiana,Ora,2,"Totul e pregătit,
Înșiră-ți, stăpâne,
Generațiile mute de sclavi
Sub catarg!
Valurile mării se trag
Ca niște gingii bătrâne
De pe dinții bolnavi."
Ana Blandiana,Orga de gheață,1,"Se aude ceva,
Nu-i așa?
E muzica
Orgii de gheață
Care-mi atârnă de streașină."
Ana Blandiana,Orga de gheață,2,"Nu reușesc să disting
Nici un sunet,
Dar știu,
Sunt convinsă,
Că nu se poate
Să nu se audă nimic,
Iar acest instrument
Perfect
Și atât de repede pieritor
Să fi fost inventat
Numai
Pentru cine știe ce"
Ana Blandiana,Pahar cu margarete,1,"Pahar cu margarete de câmp
Pe-o masă albă
La care scriu
Mai liberă decât sunt;
În jur
Miros de fân
Corupător spre somnul
Din care poate va picura
Un cuvânt;
Cer dulce în amurg,
Asemeni cirezilor
Care se întorceau odinioară;"
Ana Blandiana,Pahar cu margarete,2,"Dragoste pentru tot ce-a fost,
Pentru tot ce o să mai dispară,
Dragoste fără rost,
Dragoste fără hotar -
Umbrele plopilor, gratii lungi peste câmp,
Margarete de câmp
În pahar."
Ana Blandiana,Pastel,1,"E totul vechi. De veacuri.
Scrâșnesc sub pași pe lespezi
Piei lepădate vara de șerpii morți de mult.
Ce liniște. Mă uit în jur și-aud"
Ana Blandiana,Pastel,2,"Privirea veștedă foșnind prin aer.
Cățeii pământului evadați spre ruine mai proaspete
Și-au lăsat în cotloane piramidele albe.
Nu putred. Putrezirea ar însemna vibrare."
Ana Blandiana,Pastel,3,"Dar timpul se usucă indiferent în veacuri.
Indiferentă piatra este nisip,
În piatră -
Urme de pași, indiferenți, pe loc."
Ana Blandiana,Pastel,4,"Morți stâlpii, moartă bolta și prăbușită, mort
Turnul de veghe, podul, capela moartă, zidul,
Și treptele, și hrubele. Frumoasă,
Depusă peste toate,
Zăpada doar trăiește:
Strălucitoare, albă, zăpada face viermi!"
Ana Blandiana,Pasărea,1,"„Te așteptam, îmi spuse pasărea pornind.
Din cauza ta o să întârziu prima oară.
Am putea ruga soarele să se oprească puțin
Dar va trebui apoi să-i fim recunoscători."
Ana Blandiana,Pasărea,2,"Să ne grăbim mai bine, să ne grăbim.
Îți voi spune pe drum de ce te-am chemat
Și cine te-așteaptă acolo.""
Și zbura din ce în ce mai repede,
Și zburam în urma ei tot mai greu,
O vedeam vorbind
Dar nu izbuteam să-nțeleg ce spune,
Și nu izbuteam să-mi amintesc
De unde-o cunosc."
Ana Blandiana,Pasărea,3,"O dată numai, a întors capul
Și-atunci am auzit-o limpede:
„Dacă nu ți-aș spune toate acestea
Ai fi pierdută acolo..."""
Ana Blandiana,Pasărea,4,"Apoi din nou doar pliscul ei monstruos mișcându-se,
Și sentimentul că n-ar trebui s-o urmez,
Și zborul meu greu, poate înspre distrugere.
Dar numai zburând
Puteam să m-apropiu s-aud
Și zburând m-asurzea
Vacarmul aripelor."
Ana Blandiana,Pe cer,1,"Treceau clipe mari zdrențuite pe cer,
Mișcând pe zăpadă umbre-abia colorate,
Le priveam cum răsar, cum vâslesc și cum pier
În lumina din care izvorâseră toate."
Ana Blandiana,Pe cer,2,"Vinovate de-a fi doar atât se-oglindeau
Înmuțindu-și himera în omătul complice,
Ca și cum s-ar scuza că-s prea gingașe sau
Ca și cum, uluite, ar cerca să explice
Veșniciei fiorul împăcat și intens
Al făpturii lor lungi, de nor auster."
Ana Blandiana,Pe nevăzute,1,"Pe nevăzute,
Așa cum întinzi mâna
Să numeri ouăle din cuib,
Abia atingându-le
Cu emoție și spaimă
În fața misterului etanș
Dinăuntru
(Ouă pe care pasărea
Va refuza să le mai clocească
Socotindu-le impure),
Pe nevăzute
Mâna lui se-ntinde-n somn"
Ana Blandiana,Pe nevăzute,2,"Și năruie
Cu fiecare vis
O mănăstire,
În timp ce Pasărea
Plutind deasupra apelor
Tot mai ușoară, tot mai liberă de balast,
Se înalță cu fiecare cădere
Până nu se mai vede."
Ana Blandiana,Penel,1,"Iarna crengile scriu
Poezii japoneze
Cu penel fumuriu
Pe mătasea zăpezii,
Ca și cum s-ar feri
Să-nțeleg, ca și cum
În zadar și deși
Plânsem toți și șezum
Sub aceiași copaci
Ai aceluiași veac -
Îngeri muți și stângaci
Mă învață să tac"
Ana Blandiana,Penel,2,"Neînțelese poeme
Picurând din zăpadă:
Ieri era prea devreme,
Azi au fost altădată."
Ana Blandiana,Pleoape,1,"Mereu tresărind în tăcerea afundă,
Zbătute, muncite,
Frunze de plop,
Milioane de pleoape
Obosite
S-ascundă
Ochiul cel singur
Înlăcrimat și miop,
Pe care-l simțim între spete
Cum pătrunde arzând
Când pleoapele plopului
Sunt duse de vânt."
Ana Blandiana,Plâns care se ascultă singur,1,"Plâns care se ascultă singur,
Zăpadă amară
Topită în praf și polen,
Moartă pe umerii paznicului
Îmbătrânit de somnul pe lumină,
Zăpadă amară și firavă,
Biată zăpadă
Frig nedecis și-ndurător
Păstrându-mi insomnia fragedă
Și spaimele moi,
Zăpadă prevestind a noapte
Mult mai adâncă decât"
Ana Blandiana,Plâns care se ascultă singur,2,"Ar putea să-și închipuie ziua,
Cea mai plângătoare zi,
Zăpadă-amestecată cu fructe putrezite
Și cu sămânță de copii."
Ana Blandiana,Poem,1,"Cine și ce să viseze
În timpul crescut peste noi -
Nămeți grei de somn
Prin care cu gesturi viteze
Și lente se mișcă
Lunateci eroi?
Să nu strigi,
Trezirea-i ucide,
Ajunge să plângi
Și să-i vezi -
Ale încănemorții
Atât de timide"
Ana Blandiana,Poveste,1,"Înaintez cu grijă, încet,
Pe un drum
Pe care îl tai eu însămi
Pășind:
Ca să știu să mă întorc,
Presar în urmă
Fărâme de litere și de cuvinte."
Ana Blandiana,Poveste,2,"Sunt pornită de mult,
Mi s-au terminat
Puținele silabe pe care le avusesem
Merinde de drum."
Ana Blandiana,Poveste,3,"Din fericire, am descoperit
Că totul
Poate fi transformat în cuvinte
Și am continuat să înaintez
Presărând
Vorbele în care mă destram
Cum se destramă un pulover vechi
În căpețele de lână-ncrețită de atâta purtare..."
Ana Blandiana,Prin neființă,1,"Purtând în loc de coarne crengi cu flori
Turma de cerbi trecea prin amintire
Și ochiul meu, care acum o vede,
Nu se formase încă s-o admire;
Deci fără martori, ca un gând, treceau
Atât de lin că nu clinteau vreun ram
Și nu sfârșeau de-a trece-n timp ce eu
Căzând din vârstă-n vârstă îi priveam."
Ana Blandiana,Prin neființă,2,"Păsări dormeau pe fruntea lor în crengi
Și-n lunecare gângureau ușor,
Fără să se trezească, dar simțindu-mi
Prezența tulburată-n viitor,
Cum îi așteaptă pretinzând dovezi,
Cum îi contemplă fără să îi creadă
Că poartă-n frunte crengi cu flori și trec
Prin neființa fără de tăgadă..."
Ana Blandiana,Printre frunzele aproape reci,1,"Când printre frunzele aproape reci
Te duc de mână și-ți fac semn să taci
Să nu trezești în cuiburi puii infirmi
Părăsiți de stolurile pornite spre sud,
Când pădurea se face luminoasă
Și se poate vedea
Cu o sfâșietoare claritate
Cerul de la marginea copacilor,
Când fiarele dezvelite
De zborul frunzișului
Foșnesc și își schimbă culoarea,
Suntem legați unul de altul"
Ana Blandiana,Printre frunzele aproape reci,2,"Și necunoscuți
Cum numai un ochi
Este legat de celălalt ochi,
Cum un ochi îi este necunoscut
Celuilalt."
Ana Blandiana,Psalm,1,"Tu care ai învățat urșii să doarmă
O iarnă întreagă
De ce nu mă-nveți ce e somnul?
Nu ți-l cer de tot."
Ana Blandiana,Psalm,2,"Tu știi,
Sunt prea modestă
Pentru moarte.
Dar cine, navigând
Pe ochii mei deschiși,
Nu ți-ar cerși
Un vânt de neființă?"
Ana Blandiana,Până la stele,1,"Toți câinii din țară erau credincioși.
Ei mușcau numai pe dușmanii stăpânilor,
Își purtau lanțul cu eleganță ca pe-un colier
(Soțiile lor mereu discutau ce lanț o să se poarte la anul),
Și plini de sobrietate de obicei, își permiteau
Un singur capriciu: să urle la lună."
Ana Blandiana,Până la stele,2,"(Pentru câini luna e țara în care
Strămoșii lor au fost liberi cândva,
Urletul lor e deci un fel de
Cântec de gestă.)"
Ana Blandiana,Până la stele,3,"Dar el era un câine ciudat.
I se părea indecent să urle la lună,
Pentru că luna era chiar inima lui
Pe care trebuia să și-o reașeze în piept
Sau să moară."
Ana Blandiana,Până la stele,4,"Câinii ceilalți îl sfătuiau să nu încerce.
„E zadarnic, spuneau ei, oricum
Îți vor găsi urmele și te vor prinde.""
Dar el zâmbea și când a plecat
Picioarele afundându-le cu voluptate în cer,
Strălucitoare urme lăsând și neprecaute,
El n-a fost prins, căci nu puteau ajunge
Până la stele - urmele lui."
Ana Blandiana,Pământ,1,"Acest trup
Pe care-l rănesc
Și mângâierile,
Cu umeri din care aripile
Au renunțat să mai crească,
Este singura fâșie de pământ
Unde îmi pot clădi
O împărăție lumească."
Ana Blandiana,Pământ,2,"Când te voi pierde,
Plăpând univers
Mai trecător decât frunza,
Fraged imperiu de-o oră
Pe care-l conduce norocul,
Toate armatele mele de îngeri
Jucându-se de-a v-ați ascunsa
Îți vor putea ține locul?"
Ana Blandiana,Recoltă,1,"Cerul începe din creștetul spicelor,
De parcă fiecare din ele-ar purta
Pe cap un vas mare umplut cu cer fierbinte,
Și vântul, mișcându-le fruntea,
Vinul cerului l-ar clătina."
Ana Blandiana,Recoltă,2,"Cerul începe din creștetul spicelor,
Și atunci când sub secerătoare
Spicele se vor frânge cu duioșie, căzând,
Va părea doar că se-apleacă atente să pună
Vasul cu cer pe pământ."
Ana Blandiana,"Respir, respir",1,"Respir, respir,
Cum stau cu ochii-nchiși,
Simt stelele-ascuțite prin pleoape
Scriindu-mi pe retină semne moi
Ca peștii morți pe luciul unei ape."
Ana Blandiana,"Respir, respir",2,"Se-ntâmplă ca în vis - respir, respir,
Bolta de sticlă groasă dă să crape
Când sângele luceferilor înghețat
Se umflă-n ea și nu îl mai încape;
Și-atunci lumina scârțâie prelung,
Ca un pietriș sub botul unei sape,
Și pașii tăi îndepărtându-se răsună
Cu dangăt surd de clopote sub ape
Înaintând atât de transparente
Că nu se văd - aproape, mai aproape;
Se-ntâmplă ca în vis - respir, respir
Cleștarul care vine să mă-ngroape."
Ana Blandiana,Restul pe masă,1,"Am o deprindere monstruoasă aproape -
Nu-mi place să fiu datoare nimănui.
Doctorului care mă vindecă îi trimit flori,
Pentru sănătate garoafe
Și suntem chit."
Ana Blandiana,Restul pe masă,2,"Ospătarului îi las restul pe masă,
Celui care îmi face-un cadou
Îi fac unul mai mare,
Celui care-mi surâde-i surâd,
Celui care-mi rânjește-i surâd."
Ana Blandiana,Restul pe masă,3,"Închei toate socotelile în felul acesta,
Rămânând deasupra,
Tăind toate punțile
Și câteodată
Mă cuprinde-o dorință nebună
Să fiu recunoscătoare cuiva,
Să mă târăsc în genunchi mulțumind,
Să strig: „Nu sunt vrednică
Nici dându-mi viața să înapoiez bunătate atâta!""
Dar în urma mea totu-i plătit."
Ana Blandiana,Rugăciune,1,"Să stau culcată-n zăpadă
Cu brațele larg desfăcute,
Închipuind o nespus de frumoasă
Cruce cuprinsă de somn
Dinadins,
Pe care doar îngerii ar merita
Să se răstignească
Pentru păcate făcute
În paradis."
Ana Blandiana,Rugăciune,2,"Alb fără margini
Și liniște neîncepută,
Nori destrămați în flori
Troienindu-mă lin,
În timp ce lacrimi fierbinți
Se nasc sub pleoapele-nchise
Și-ngheață nainte de-a curge
Din vise."
Ana Blandiana,Schimb,1,"Ca două mari oglinzi
În care crezi că vezi
Și numai tot pe tine
Te regăsești răsfrânt,
Unul pe lângă altul
Alunecăm, dând totul
Și reprimind mereu
Ce-am dat și până când."
Ana Blandiana,Seism,1,"Pământ cutremurat, neliniștit, isteric,
Pământ cu valuri
Ca o mare,
Taină zbătându-se să-și țină
Ascuns în grâne
Sufletul de foc,
Vânat bogat și slab din fire-n stare
S-amestece cu spaimă la un loc
Străvechi ruini și demolări viitoare..."
Ana Blandiana,Seism,2,"Ce-ar mai putea
Din val să nască decât val,
Sfărmat și iarăși luând-o de la capăt,
Oare?
Pământ natal
Făcut ulcioare
Din care timpu-a curs la întâmplare
Și-a devenit istorie
În treacăt ..."
Ana Blandiana,Semantică,1,"Trebuie să recunosc că încă n-am reușit
Să descifrez limba greieră,
Deși de ani și ani mă pregătesc
În acest scop,
Am urmat prestigioasele universități
Ale lunii lui August,
Am scris studii savante
Despre stele și nopțile care le treieră
Și doctoratul mi l-am luat
În dialectul, oarecum înrudit,
Al frunzei de plop."
Ana Blandiana,Semantică,2,"Și toate numai pentru a pătrunde
În palatul isteric
Plutind în văzduh pe stâlpi de vocale,
Cu lungi coridoare de țipăt,
Temniți de bocet profunde
Și turnuri suind osanale."
Ana Blandiana,Semantică,3,"Uneori mi se părea că-ncep să-nțeleg
Răsucirea de sunete vibrând ascuțit
Și mă grăbeam să creez sisteme,
Morfologii și sintaxe
Aiuritoare,
Până când un strigăt
Mai sfâșietor și mai nestăpânit
Spărgea înțelesul
Și se scurgea din tipare."
Ana Blandiana,Semantică,4,"Ohoho, ce de limbi sonore aș fi putut
Inventa pe de-a-ntregul,
De nu mi-ar fi fost dat să aud
Greierul pe care nu înțelegu-l."
Ana Blandiana,Singur,1,"El este unul singur
Nu pentru că, dintre toți,
Este cel adevărat,
Ci pentru că
Sâmburele tuturor este același."
Ana Blandiana,Singur,2,"În frunzele stejarului,
În măruntaiele păsărilor,
În iepurele din lună,
În pâine și vin,
El este unul singur."
Ana Blandiana,Soare al insomniei,1,"Soare al insomniei,
Alb metal topit,
Insuportabil retinei,
Străbătând prin pleoapă,
Nesomn orbitor,
Privire fără nici o speranță de umbră
Ținându-mă suspendată
Sus, deasupra tuturor simțurilor,
Deasupra întunericului dulce,
Promiscuu, de iad,
În cea mai nemiloasă și indecentă
Lumină"
Ana Blandiana,Somnul,1,"Ce răzbunare!
Ultimul dintre sclavi,
Căruia nu i-a trecut niciodată prin minte
Cum ar fi liber
Și care începe să tremure
Numai la gândul
C-ar putea face
Cel mai neînsemnat gest de revoltă,
Evadează
Prin simpla plecare a genelor,
Scapă oricărui control,
Fuge,"
Ana Blandiana,Somnul,2,"Nu poate fi urmărit,
Pentru că stăpânul
Rămâne întotdeauna
Pe mal,
Mușcându-și pumnii de furie
Și insomnie,
Veghind."
Ana Blandiana,Stea adusă de vânt,1,"De la început ai fost adusă de vânt
Ca o sămânță.
Am și glumit: „Cine-a mai văzut
Stea adusă de vânt?""
Dar mai târziu,
Când mi te-ai așezat pe frunte
Și-ai început să-ncolțești
Am înțeles că ești o sămânță."
Ana Blandiana,Stea adusă de vânt,2,"Lacomă, înfiptă sălbatic în creier,
Cu raze aspre închipuind rădăcini,
Ești o sămânță.
Ce păcat
Că planta pe care,
Lumină din lumină, o naști
Nu se poate vedea
Decât după ce
Mă voi fi întunecat."
Ana Blandiana,Sub insultă,1,"Nu știu nici cine, nici cum
Ridică pe valuri de ură
Gunoaiele strânse în drum
Pe care curentul le fură,
Le face-mpărați de o clipă
Spumei murdare din vârf,
Apoi le răstoarnă în pripă,
Redându-le marelui stârv
Al timpului. Taci și ascultă"
Ana Blandiana,Sufletul,1,"Sufletul e ceva în noi
Care nu poate exista în afară.
De câte ori nu mi s-a întâmplat
Să descopăr
Suflete goale în iarbă trăgând să moară..."
Ana Blandiana,Sufletul,2,"Le luam cu grijă în palmă,
Dar niciodată
Nu găseam destul de repede pe cineva
Să le primească în sine,
Simțeam căușul palmei gol
Și-un abur, neatins de frunze, trecea
Bănuitor prin trupul meu."
Ana Blandiana,Sunete de pământ,1,"Umilință nu asemenea celei a pietrelor călcate-n picioare
Sau muiate
În milenii de picurare,
Transformate-n argilă,
Rostogolite fără-ncetare,
Înmuiate în silă,
Făcute nisip."
Ana Blandiana,Sunete de pământ,2,"Nu.
Umilință de animal
În care fiecare celulă îmi cere să țip
Și eu nu știu
Cu răgetul cui
Să înspăimânt,
Umilință a nimănui,
Animal de pustiu
Fără chip,
Cu limba tăiată,
Scoțând
Numai sunete de pământ."
Ana Blandiana,Suprafața apei,1,"Piciorul modulat felin sub pânza
Strânsă naiv deasupra de genunchi
Și toate acoladele făpturii
Legate în sublimul unghi
Nu te destramă, nu-ți mai declanșează
Scurtcircuite crâncene în trup,
Nu mai visezi în noaptea sanguină
Spasmodici pași de lup."
Ana Blandiana,Suprafața apei,2,"Tu știi celulă cu celulă totul,
Pe dinafară poți să mă declami,
Nu se oprește mâna ta stăpână
Să-mi unduie în jur epitalami."
Ana Blandiana,Suprafața apei,3,"E numai suprafața apei. Brusc
Ne regăsim alături încă vii.
Necunoscutul strâns în noi ni-e hrană
Prea multă pentru următoarele vecii."
Ana Blandiana,Să lăsăm să cadă cuvintele,1,"Să lăsăm să cadă cuvintele
Numai ca fructele, numai ca frunzele,
Numai cele în care moartea s-a copt.
Să le lăsăm să cadă
Aproape putrede,
Abia îmbrăcând în carnea lor
Osul sfânt."
Ana Blandiana,Să stai în fân,1,"Să stai în fân, s-aștepți să vie noaptea,
Văzduhul să se facă tot mai șters,
Bondari morocănoși să-ți intre-n plete
Și-orice frântură-n gând să fie vers;
Când stelele mirate se deschid,
Ca niște ochi descoperiți de pleoape,
Să simți cum luneci în mireasma ierbii
Ca-ntr-un vârtej amețitor de ape;
Și-n timp ce cazi fără sfârșit s-adormi."
Ana Blandiana,Trecere,1,"Totul se schimbă,
S-a schimbat
Sau se va schimba,
Stâncilor le cresc rădăcini
Și dau muguri,
Apoi încep să se miște încet
După credința cuiva,
Țăranii altoiesc abonamente de tren
Pe coame uscate de pluguri."
Ana Blandiana,Trecere,2,"Aha!
Plante cu gheare și aripi încearcă
Să-și salveze semințele învățate să treacă
Dintr-o lege într-alta,
Zbor
Lung de nori prin pământ,
Clorofilă cu puls,
Pești pe ramuri cântând
Și suspansul mașinii cu pâine
La un capăt de-ogor;
Intertimp,
Regn de trecere,"
Ana Blandiana,Treceri,1,"La un capăt și la altul al somnului
Mă simt în pericol,
La trecerile acelea nesigure
Și prost încopciate între vieți,
Bărci abia apropiate să înjghebe un pod
Peste râul învolburat
Și gata să le despartă;
Adorm încet și cu grijă
Să nu calc cumva în moarte
Și mi-e frică mai ales de momentul trezirii
Când aș putea să alunec
Într-o viață străină,"
Ana Blandiana,Trup,1,"Doar aureolă
În jurul cuvântului -
O aureolă palpabilă, desigur,
Și chiar voluptuoasă,
Dar nu mai puțin inconsistentă,
Nu mai puțin trecătoare;
O aureolă care poate fi biciuită,
Flămânzită, siluită, ucisă
Sau care poate muri pur și simplu
Stingându-se de la sine
După ce și-a făcut datoria,
După ce a luminat ca un semn,"
Ana Blandiana,Trup amar,1,"Miros de trup abandonat de suflet
Sub soarele nerușinat,
Miros de trup pe care
Carnea crește,
În care sângele bolborosește
Și într-un fel de harnică furtună
Celulă cu celulă se-mpreună..."
Ana Blandiana,Trup amar,2,"Nu te-apropia, nu mă atinge,
Amar mi-e trupul și otrăvitor,
Cu soarele prelins la subsuori,
Cu fluturi beți de mine răscoliți
Din larve sfărâmate de dorinți
Pe care nu pot să le-ncapă. Fugi!"
Ana Blandiana,Trup amar,3,"De brațele profanatoarei cruci
În care, fericită, mă urăsc,
Nu-mi respira miasma-mbătătoare.
Când sufletul mă părăsește-n soare
Ca să te prind și să te răstignesc."
Ana Blandiana,Tu treci,1,"Tu treci prin ceață
Și eu știu că treci,
Și e destul ca norii
Să nu-mi mai pară reci
Sicrie fără sațiu
Umflându-se să-ncapă
Întreaga omenire
În pulberea de apă,
Inconsistent și acru
Dospindu-se-n văzduh."
Ana Blandiana,Tu treci,2,"Tu treci prin ceață:
Clar și-nalt, un duh
Ordonator de sensuri,
Scoțând din moarte lumi
Ce tremură uimite
Pe când ușor le-ndrumi
Ținându-le de umeri
Să nu le fie frică;
Tu treci prin ceață
Și-ochiul tău despică
Logice pârtii-n
Haosul de veci:"
Ana Blandiana,Umbra,1,"Cine merge înainte
Și nu întoarce capul
S-a părăsit pe sine în urmă;
Cine aleargă
De spaimă o face
Să nu fie ajuns
De el însuși;
Cine nu-și spune țelul
Se teme
Să nu se găsească
Pe sine acolo,
Ca și cum umbra"
Ana Blandiana,Umbrei mele i-e frică,1,"Umbrei mele i-e frică
De umbrele arborilor
Mai mult decât
Mi-e frică mie de arbori -
Arborii nu îndrăznesc
Să m-atace,
Dar în spatele meu
Se-aude mereu
O-ncăierare sălbatecă
De umbre."
Ana Blandiana,Umbrei mele i-e frică,2,"Umbrei mele i-e frică
De umbrele păsărilor
Mai mult decât
Mi-e frică mie de păsări -
Păsările trec pe deasupra mea
Și nu mă ating,
Dar umbra mea se chircește,
Se rostogolește rănită
De ciocul lunecat al unei umbre."
Ana Blandiana,Umbrei mele i-e frică,3,"Umbra mea este lipsită de-apărare.
Ea nu are rădăcini
Ca umbrele arborilor
Și nu știe
Ca umbrele păsărilor să zboare."
Ana Blandiana,Umbrei mele i-e frică,4,"Ea a fost adusă pe pământ
Să mă urmeze
Cu întuneric sângerând,
Să se prefacă în noapte în cele din urmă
Și eu să nu știu de când
Înaintez fără umbră,
Cântând."
Ana Blandiana,Umilință,1,"Nu pot împiedica ziua să aibă douăzeci și patru de ore.
Pot doar spune:
Iartă-mă pentru durata zilei;
Nu pot împiedica zborul fluturilor din viermi,
Pot doar să te rog să mă ierți pentru viermi, pentru fluturi;
Iartă-mă că florile se fac fructe, și fructele sâmburi,
Și sâmburii pomi;
Iartă-mă că izvoarele se fac fluvii,
Și fluviile mări, și mările oceane;
Iartă-mă că iubirile se fac nou-născuți,
Și nou-născuții singurătăți, și singurătățile iubiri..."
Ana Blandiana,Umilință,2,"Nimic, nimic nu pot să împiedic,
Toate-și urmează destinul și nu mă întreabă,
Nici ultimul fir de nisip, nici sângele meu.
Eu pot doar spune -
Iartă-mă."
Ana Blandiana,Viermi călători,1,"Viermi călători, înaripați, pe roate,
Viermi cărora li s-a repartizat
Un cimitir mai nou
Și mai modern;
Valuri de viermi,
Cadavre vechi mutate
În mai ambigua eternitate
A unui secularizat infern;
Valuri de viermi
Migrând în cripte noi,
Viermi călători
Spre ziua de apoi,"
Ana Blandiana,Vă mulțumesc,1,"Vă mulțumesc că mi l-ați lăsat,
Pietre în sufletul cărora cred,
Și ție, al cărui sens l-am pătruns
Îți sunt recunoscătoare, prăpăd."
Ana Blandiana,Vă mulțumesc,2,"Îți mulțumesc că nu mi l-ai luat,
Ochi galben din fruntea cerului mort,
Lună vorace a cărei privire
În ceafă și-acum o mai port."
Ana Blandiana,Vă mulțumesc,3,"Și vouă, cioburi scrâșnind de icoane,
Aureolă tăind și veșmânt ascuțit, îngeresc,
Pentru că nu mi l-ați acoperit de tot
Smerită vă mulțumesc."
Ana Blandiana,Vă mulțumesc,4,"Vă cer iertare că nu v-am iubit până-acum
Ziduri, și bârne, și stâlpi ai aceluiași vis,
Și râuri de lavă din burta bolnavă-a pământului,
Care nu l-ați ucis."
Ana Blandiana,Vă mulțumesc,5,"Ați fi putut să o faceți. Sfârșitul
Ironic al lumii vă dase-acest drept înmiit.
Pleoapele blânde cu gene de raze-ale stelelor
Nici n-ar fi clipit."
Ana Blandiana,În cădere,1,"Întâi îmi arunc
Unul câte unul
Cuvintele,
Savant picurate,
Împerechiindu-se
În cădere;
Apoi anii,
Unul câte unul,
Egal depărtați între ei,
Cu știința subtilă-a gradării;
Mă precipit apoi
Și ca-ntr-un naufragiu arunc"
Ana Blandiana,În cădere,2,"Tot ce e lest,
Tot ce mă poate trage la fund,
Amintirile, dorințele, patimile,
Iubirile, în cele din urmă,
Și, când nu mai e nimic
De aruncat,
Nici o haină, cât de subțire,
Pielea mototolită mi-o dezbrac
Și carnea amorțită de pe oase."
Ana Blandiana,În locul,1,"În locul vuitoarelor mări
Legănate senzual de furtuni
Și umflate de lună,
Ascunzând în adâncuri de-a valma
Splendori și dezastre,
Eu am ales
Punând în balanță
Această picătură de rouă
În echilibru nesigur pe-o frunză,
Unde încape soarele întreg
În lupa scurtă a privirii noastre."
Ana Blandiana,În mine e înalt,1,"În mine e înalt și întuneric,
Se-aude fâlfâit de aripi sus,
Pe undeva, printr-o fereastră nevăzută
Pătrunde-o rază murdărind nespus
Curata beznă care mă-nconjoară
Și-n care-atât de rar te văd
Tu ești în trupul meu supus
Ca o-nflorire-a doua oară
Neizbucnită în petale,
Neînălțată spre declin."
Ana Blandiana,În mine e înalt,2,"Copilărosul meu prăpăd
Vuietul bolților e doar
Cutremurarea aripilor tale
În zbor desfășurat marin,
Între ferestre și altar,
În zbor zbătut spre bolți de spaimă
Că ai putea să mi te-nchini."
Ana Blandiana,În pocnetul surd,1,"În pocnetul surd al prunelor vinete
Pe pământul umed, afund,
Voluptuos și cu nerușinare
Viața și moartea se întrepătrund."
Ana Blandiana,În pocnetul surd,2,"Durere-plăcere egal vinovate
Că putrezirea e dulce și împlinirea sfârșit -
În pocnetul surd al prunelor vinete
Viața și moartea violent se desfid
Triumfătoare deodată, înlănțuite etern
În luptă și dragoste, crude și pline de
Același cântec fără scăpare
În pocnetul surd al prunelor vinete."
Ana Blandiana,Încununată cu flori de mac,1,"Încununată cu flori de mac
Aproape descompuse,
Culese pe frig dimineața,
Când roua se face brumă
Și dacă umbli prin iarbă
Strivești sub tălpi cadavrele de greieri,
Încununată cu flori de mac,
Ciocnindu-mă de fluturi muribunzi,
Înaintez
Prin somnul numit de mine
Noiembrie,
Spre clipa incertă"
Ana Blandiana,Încununată cu flori de mac,2,"Care nu e nici moarte,
Nici gând.
Râuri mari trec în somn
Spre oceane
Purtându-și peștii adormiți
În provizorii, umede lințolii."
Ana Blandiana,Încă un pas,1,"Atât de puține lucruri mă pricep să fac,
Nici piersici ca piersicii,
Nici struguri ca via,
Nici măcar nuci
Ca arborii cu umbră amară
Și foșnet ușor,
Un singur lucru știu să fac
Cu o pricepere extraordinară:
Știu să mor."
Ana Blandiana,Încă un pas,2,"Nu mă laud,
Știu să mor cum puțini oameni știu -
Mă învelesc întâi în tăcere,
Apoi în pustiu
Și pornesc astfel încet, un pas,
Încă un pas, și încă un pas,
Până nu se mai vede din mine
Decât un glas
Așezat somptuos
În al cărții sicriu,
Nu mă laud,
Credeți-mă, știu să mor"
Ana Blandiana,Într-o nucă,1,"Împletite din fire de iarbă
Și-ncuiate cu frunze,
Lanțurile mi se vor usca în curând
Și vor cădea."
Ana Blandiana,Într-o nucă,2,"Voi fi atât de liberă
Că-mi va fi frig
Și cine și ce
Mă va putea învăța?
Cine a fost vreodată-ntr-o nucă
Să-mi arate chiliile
Unde-aș putea să mă-ncui,
Când universul întreg
Nu-i decât o-ncăpere
Luminată slab de gutui?
Într-o nucă sunt patru odăi și e cald,
Și-n întunericul verde miroase dulce a miez,"
Ana Blandiana,Într-o nucă,3,"De-afară pătrunde doar o mirare de greier -
Într-o nucă aș vrea să-ntomnez,
Să m-acopere straturi de frunze
Și umbre de cârduri
Zbătându-se-n dorul de ducă,
În timp ce din tot ce-i noroc pe pământ
Eu să știu să aleg
Cât de bine-i să dormi într-o nucă!"
Ana Blandiana,Întâlnire,1,"Nu te speria.
Va fi atât de simplu totul
Că nici nu vei înțelege
Decât mult mai târziu."
Ana Blandiana,Întâlnire,2,"Vei aștepta la început
Și numai când
Vei începe să crezi
Că nu te mai iubesc
Îți va fi greu,
Dar atunci voi pune
Un fir de iarbă să crească
În colțul știut al grădinii,
Să ajungă la tine
Și să-ți șoptească:
Nu vă speriați,
Ea este bine"
Ana Blandiana,Învață-mă să ard întunecat,1,"Lasă-mă să m-aprind de întunericul tău,
În lumina feroce
Învață-mă să ard întunecat,
Modelează după forma aripilor
Flacăra mea
Și purific-o de orice culoare."
Ana Blandiana,Învață-mă să ard întunecat,2,"Sau,
Și mai bine,
Dă-mi o sămânță de întuneric
S-o îngrop în pământ
Și-nvârte mai repede anotimpurile
Să crească,
S-o seamăn din nou."
Ana Blandiana,Învață-mă să ard întunecat,3,"În lumina feroce
Ar fi atunci păduri și lanuri,
Crânguri, livezi, pajiști și codri de noapte.
O beznă tandră
În care am putea muri oricând am vrea,
Un întuneric în care
N-am mai fi frumoși, nici buni,
Ci doar singuri,
Și nemaitrebuind să privim,
Închizând ochii am putea vedea."
Ana Blandiana,Și în oglindă,1,"Și în oglindă sunt valuri,
Și apa ei se supune
Fluxului zilelor bune
Suindu-și iluzia-ntre maluri
De criză, de plâns, de-ntrebări,
Ca să descrească din nou
Cu undele silnicei mări
Zbătute-ntr-o coajă de ou
Din care se nasc și o sparg
Mutându-se-n alt ou mai mare,
Purtând clătinat un catarg
Frânt de oglinzi mișcătoare"
Ana Blandiana,Și în oglindă,2,"Sub secera grea a-ntrebării
Tăiate stângaci dintr-un nimb:
În valul de sare al mării
Se clatină valul de timp."
Ana Blandiana,Știu puritatea,1,"Știu, puritatea nu rodește,
Fecioarele nu nasc copii,
E marea legea-a maculării
Tributul pentru a trăi."
Ana Blandiana,Știu puritatea,2,"Albaștri fluturi cresc omizi,
Cresc fructe florilor în jur,
Zăpada-i albă neatinsă,
Pământul cald este impur."
Ana Blandiana,Știu puritatea,3,"Neprihănit eterul doarme,
Văzduhul viu e de microbi,
Poți dacă vrei să nu te naști,
Dar dacă ești te și îngropi."
Ana Blandiana,Știu puritatea,4,"E fericit cuvântu-n gând,
Rostit, urechea îl defaimă.
Spre care o să mă aplec
Din talgere - vis mut sau faimă?
Între tăcere și păcat
Ce-o să aleg - cirezi sau lotuși?
O, drama de-a muri de alb
Sau moartea de-a învinge totuși..."
Ana Blandiana,Țara părinților,1,"Părul îmi ajungea până la pământ
Și treizeci de ani
Mi se părea o răsplată atât de îndepărtată
Încât nu credeam cu putință
Să o ating vreodată,
Plină de cruzime lunecam
Dinspre țara părinților
Spre o lume încă neinventată."
Ana Blandiana,Țara părinților,2,"Lumea nu s-a inventat nici acum,
Părul nu mai mi-e atât de lung,
Treizeci de ani e numai merinde pe drum,
Dar în țara părinților ce n-aș da să ajung!
Dar în țara părinților
Se ajunge întotdeauna târziu,
Numai când totu-i pustiu,
Și doar în lumina de lună
Se mai strâng împreună,
Sub tăiații castani,
Umbre de tați condamnați
Și mame de treizeci de ani"
Ana Blandiana,Țară de păsări,1,"O țară e făcută și din păsări,
Din V-urile mari căzând spre sud,
Rănite, alungate de somn și de trădare,
Venind înapoi
Obosite de dor,
Lunecând pe toboganul cerului
Recunoscătoare
Streșinei că nu s-a mutat
De pe vechiul pridvor."
