autor,titlu,text
George Bacovia,Scântei galbene,"O femeie în doliu pe stradă,
O frunză galbenă tremura după ea-
Luat de-a orașului sfadă,
Uitasem că toamna venea.

Era mai demult o stradă,
O școală și bruma cădea
Prin săli, ca nimeni să-l vadă,
Un elev singuratic pălea.

Un om în amurg, pe-o stradă...
Pe foi nu mai știu cum trecea
Sub tropot, ș-a lumii grămadă...
- Uitasem că toamna venea."
George Bacovia,Singur,"Odaia mea mă înspăimântă
Cu brâie negre zugrăvită-
Prin noapte, toamna despletită
În mii de fluiere cântă.

- Odaie, plină de mistere,
În pacea ta e nebunie;
Dorm umbre negre prin unghere,
Pe masă arde o făclie.

- Odaie, plină de ecouri,
Când plânsu-ncepe să mă prindă,
Stau triste negrele tablouri-
Făclia tremură-n oglindă.

Odaia mea mă înspăimântă...
Aici n-ar sta nici o iubită,
Prin noapte, toamna despletită
În mii de fluiere cântă."
George Bacovia,Amurg,"Crai-nou verde-pal și eu singur
Prin crengile cu sunet de schelet, -
Învinețit ca un cadavru...
- Vino-n zăvoiul violet.

Or, nu! S-aprind luminile-n oraș...
Sunt alții și un alt poet-
E mult de când dormim în umbră,
În cimitirul violet..."
George Bacovia,Miezul nopții,"Frunzișul acuma pornit-a
O leneșă, jalnică horă;
Și plâng și cu plânsul în noapte
Răchita de-afară mi-l soră.

S-aproprie-ncet miezul nopții,
Și sună a frunzelor horă,
Eu trec din odaie-n odaie,
Când bate satanica oră."
George Bacovia,Vânt,"Toamna a țipat cu un trist accent,
Văzul cade neatent,
Vântul sună lemnăria,
Bate gol, în poloboace, butnăria.
Lângă ușă frunzele s-au strâns,
De departe vin ecouri vechi de plâns,
Brumă, toamnă literară,
Pe drum prăfăria se duce fugară.
Și-am stat singur supărat
În zăvoiul decadent,
Și prin crengile-ncâlcite mi-am notat
Versuri fără de talent."
George Bacovia,Ecou de serenadă,"Pansele negre, catifelate,
Pe marmura albă s-au vestejit,
Și-n tainice note s-au irosit
Parfume triste, îndoliate.

Eu singur, cu umbra, iar am venit,
O, statui triste și dărâmate,
Pansele negre, catifelate,
Vise, ah, vise, aici, au murit.

În haine negre, întunecate,
Eu plâng în parcul de mult părăsit...
Și-a mea serenadă s-a rătăcit,
În note grele și blestemate..."
George Bacovia,Noapte,"Se-ntind bulevarde-n noapte de vară,
Pe arbori electrică lumină-
La gară zvâcnește o mașină,
Și-n gol tresar signale de gară.

Pe cer de safir, comori de avari...
Tăcerea în gol vibrează cu zvon
Orașul, cu-ncetul pare-un salon,
Acuma, în somn, tresar fete mari."
George Bacovia,Strigoii,"Cu roșii fanare, galbene, verzi
Trec noaptea strigoii prin lanuri de grâu
Și câinii spre lanuri în noapte tot bat
Strigoii la crâșmă în pod au intrat,
Și podul se vede bizar luminat
Cu roșii fanare, galbene, verzi.

Strigoii, din pod, își iau înapoi,
Lăsate din viață, demult, amanete...
Așa spune basmul ce azi l-am uitat
Că noaptea, la crâșmă, apar siluete
Cu roșii fanare, galbene, verzi.

Dar când despre ziuă cocoșu-a cântat,
Cad buzna din pod grămezi de strigoi
Și-n hău, peste lanuri, strigoii se pierd
Roșii, galbeni și verzi."
George Bacovia,Marș funebru,"Ningea bogat și trist ningea, era târziu
Când m-a oprit, în drum, la geam clavirul;
Și-am plâns la geam și m-a cuprins delirul-
Amar, prin noapte vântul fluiera pustiu.

Un larg și gol salon vedeam prin draperii,
Iar la clavir o brună despletită
Cânta purtând o mantie cernită,
Și trist cânta, gemând, între făclii.

Lugubrul marș al lui Chopin
Îl repeta cu nebunie...
Și-n geam suna funebra melodie,
Iar vântul fluiera ca țipătul din tren.

Apoi, veni și-o blondă în salon...
Și-aproape goală prinse, adormită,
De pe clavir, o scripcă înnegrită-
Și urmări, pierdută, marșul monoton.

Înaltă, despletită, albă ca de var,
Mi se părea Ofelia nebună...
Și lung gemea arcușu-acum pe strună
Îngrozitorul marș lugubru, funerar.

Cântau amar, era delir,
Plângea clavirul trist și violina-
Făcliile își tremurau lumina,
Clavirul catafalc părea și nu clavir.

Târziu, murea clavirul lung gemând,
Luptau făcliile în agonie...
Și-ncet se-ntinse o noapte de vecie,
Și-n urmă, greu, un corp am auzit căzând.

Vai, de-atunci îmi pare lumea și mai tristă,
Viața-l melodie funerară...
Și nu mai uit nebuna lăutară-
Și transfigurata, trista claviristă."
George Bacovia,Balet,"Lunecau baletistele albe...
Degajări de puternice forme-
Albe, în fața lumii enorme,
Lunecau baletistele albe...

Lunecau baletistele albe
Și lumea sufla împătimită-
Albe, râzând spre lumea prostită,
Lunecau baletistele albe.

Lunecau baletistele albe...
Tinic trezind complexul organic-
Albe, stârnind instinctul satanic,
Lunecau baletistele albe."
George Bacovia,Serenada muncitorului,"Eu sunt un monstru pentru voi,
Urzind un dor de vremuri noi,
Și-n lumea voastră-abia încap...
Dar am să dau curând la cap.

O, dormi adânc mereu așa,
În vise dulci, hidos burghez,
Oftând, palate de-ți lucrez,
Eu știu și bine-a dărâma.

În noaptea asta, iată, sună
O serenadă din topor
Amanților pierduți sub lună,
Poeți cu putredul amor.

O, dormi în noaptea infinită,
Burghez cu aer triumfal,
Dar preistoric animal
În rațiunea aurită.

Sub luna blondă nu se plânge,
Ci răzbunările se curmă,
Martirilor scăldați în sânge
Cânt serenada cea din urmă.

O, dormi... dar voi urca spre soare
În zbor sublim de-aeroplan...
Cu vise dulci, burghez tiran,
E aurora-ngrozitoare..."
George Bacovia,Pastel,"- Adio, pică frunza
Și-l galbenă ca tine, -
Rămâi și nu mai plânge,
Și uită-mă pe mine.

Și s-a pornit iubita
Și s-a pierdut în zare-
Iar eu stau în golul toamnei
Chemam în aiurare...

- Mai stai de mă alintă
Cu mâna ta cea mică,
Și spune-mi de ce-l toamnă
Și frunza de ce pică..."
George Bacovia,Scântei galbene,"Vom spune că toamna a venit... foarte trist-
La o fereastră melancolică, mi s-a părut ceva,
Însă m-a trezit un glas pozitivist...
Vânt umed și frunza zboară, undeva.

Am ajuns, acum, pe un câmp cu ape...
În luncă, medita un poet cunoscut-
Părea că de oameni nu mai încape;
De-această-ntâmplare, atât de rău mi-a părut.

Eu nu mai știu nimic și m-am întors acasă.
Uitați-vă ce gol, ce ruină-n amurg-
Amurgul galben m-a-ngălbenit și m-apasă,
Ca geamuri galbene, cu lacrimi ce nu mai curg."
George Bacovia,Dormitând,"În pâcla nopților de iarnă, cu hornuri ce fumează
Când lămpile de stradă cu miile veghează,
În pâcla colorată mă duc abia simțit-
Mai mult ca orișicine, îmi pare c-am greșit.
Am fost atât de singur și singur am rămas,
În creierul meu plânge un nemilos taifas...
De sună-n ziduri ninse, vreo muzică de bal,
Mai stau și plânge-n mine un vals provincial.
De la fereastra ninsă, cu finele perdele,
Mă duc pe străzi de gheață cu spuza lor de stele;
Și-n mijlocul odăii, tot singur mă prezint:
- Valsa o blondă-n alb și cu pantofi de-argint...
Aprind, pe masă, lampa și iarăși mă dezbrac,
Aș vrea să-mi fac un ceai și stau și nu-l mai fac...
Mă clatină spre pat al insomniei pas-
În creierul meu plânge un nemilos taifas."
George Bacovia,Nocturnă,"E-o muzică de toamnă
Cu glas de piculină,
Cu note dulci de flaut,
Cu ton de violină...
Și-acorduri de clavire
Pierdute, în surdină;
Și-n tot e-un marș funebru
Prin noapte, ce suspină..."
George Bacovia,Nervi de primăvară,"Melancolia m-a prins pe stradă,
Sunt amețit.
Oh, primăvara, iar a venit...
Palid și mut...
Mii de femei au trecut;
Melancolia m-a prins pe stradă.

E o vibrare de violete,
Trece și Ea;
Aș vrea,
Dar nu pot s-o salut;
Oh și cum a trecut,
Într-o vibrare de violete.

NImicnicia m-a prins pe stradă,
Am adormit.
Oh, primăvara iar a venit
Pal și uitat...
Val funebru, depărtat.
Melancolia mă ține-n stradă..."
George Bacovia,Note de primăvară,"Verde crud, verde crud...
Mugur alb și roz și pur,
Vis de-albastru și de-azur,
Te mai văd, te mai aud!

Oh, punctează cu-al tău foc,
Soare, soare...
Corpul ce întreg mă doare,
Sub al vremurilor joc.

Dintr-un fluier de răchită,
Primăvară,
O copilă poposită la fântână
Te îngână
Pe câmpia clară...

Verde crud, verde crud...
Mugur alb și roz și pur,
Te mai văd, te mai aud,
Vis de-albastru și azur."
George Bacovia,Amurg de vară,"Histerizate fecioare pale,
La ferestre deschise, palpită...
În amurguri roșii, nupțiale,
Stau pale și nu se mai mărită.

Eu trec, îmbrâncit, ca și ele,
Și-asemenea inima mea plânge-
Din treacăt, tuturor, în perdele,
Le pun câte-o roză de sânge."
George Bacovia,Fanfară,"Ce tristă operă cânta
Fanfara militară
Târziu, în noapte, la grădină...
Și tot orașul întrista
Fanfara militară.

Plângeam și rătăceam pe stradă
În noaptea vastă și senină;
Și-atât de goală era strada-
De-amanți grădina era plină.

Orașul luminat electric
Dădea fiori de nebunie-
Era o noapte de septembrie,
Atât de rece și pustie!

Și tot orașul întrista
Fanfara militară...
Târziu, în noapte, la grădină,
Ce tristă operă cânta
Fanfara militară."
George Bacovia,Gol,"Dă foșnet frunza măruntă,
Umbra e rece-n pădurea sonoră-
O mirare tăcută, poate cruntă,
O amețire de toamnă, de-o horă.

Un haos vrea să mă ducă
De unic uitând și de număr-
Un foșnet uscat mă usucă,
Pe-un arbore plâng ca pe-un umăr.

Și sfârâie-o ploaie ușoară
Pe râpi, pe pădurea uscată-
Caverna de-odinioară...
Și zarea-ntunecată..."
George Bacovia,Nocturnă,"Clar de noapte parfumat,
O grădină cu orizontul depărtat...
Și în somn, pe banca veche, cugetări se contrazic,
Greierul zimțează noaptea, cu nimic.

Cum te-am așteptat...
Totul a trecut-
Luna pare, în oftat,
Un continent cunoscut.

Aici e frumos aranjat
Orice fir;
Veacurile-au stat
Un oraș, pe vale. - Suvenir.

Clar de noapte parfumat,
O grădină cu orizontul depărtat...
Și în somn, pe banca veche, tot mai mic...
Greierul zimțează noaptea, cu nimic..."
George Bacovia,De iarnă,"Cum ninge repede, apoi încet
Și nu știi cât timp mai trebuie de-acum,
E la fereastră, alb-
O fată cu șal negru în cerdacul nins...
Dar prin copaci largi înserează-
Într-un departe nins era tot așa.
În adevăr
Și înnoptate zângăniri,
Apoi va avea loc un bal,
Sau o serbare de spiritism,
Atâtea sunt de făcut...
Când tu apari numai ca amintire.
Cum ninge repede, repede!"
George Bacovia,Umbra,"Mă prăfuise timpul dormind peste hârtii...
Se întindea noianul de unde nu mai vii;
O umbră, în odaie, pe umeri m-apăsa-
Vedeam ce nu se vede, vorbea ce nu era.

- Poți să te culci, e ora și noaptea-ntârziată,
Vei scrie, altă dată, orice și tot nimic.
O umbră ești acuma și pot să te ridic,
Lăsând odaia goală și lampa afumată..."
George Bacovia,De iarnă,"În ecouri bocitoare
Vine iarna, vine-acuși-
Plâng copile pe la uși
Din harmonii cerșitoare.

Plâng fecioare din clavire
Prin palate boierești-
Plâng harmonii la ferești
Milogiri de cimitire.

Răzvrătiții dau ca orbii
Și flămându-l ucigaș-
De la sate la oraș
Au trimis țăranii. - Corbii.

Prin orașele avute
Histerii de muritori,
Pe sub corbii bocitori
Trec femeile pierdute.

Iată, ninge, peste fire, -
Hai la vatră, la povești-
Plâng harmonii la ferești
Milogiri de cimitire."
George Bacovia,Unei fecioare,"Duduia veșnic citește;
Știe clavirul, pictează-
Și nopți de-a rândul veghează
Și poate de-aceea slăbește.

Se crede și unuia spun-
Dar totul rămâne secret-
Duduia visează-un poet,
Bizar, singuratec, nebun."
George Bacovia,Note de toamnă,"În toamna violetă, compozitori celebri
Au aranjat un vast concert...
Pe galbene alei, poeții triști declamă lungi poeme-
E-o toamnă, ca întotdeauna, când totul geme,
Frumos și inert.

Pe străzi elegante, ca o părere,
Femeia modernă a trecut și revine;
Tot haosul e-o veselie de eter.
Și, dacă se zguduie orașul,
Și creierul rămâne pierdut;
Și, dacă munca trosnește din brațe, din piatră, din fier, -
Mulțimea anonimă se va avea în vedere.
Tot, ce-mi trebuie să am, pot să cer.

Parfum... incendiu violet și becurile-aprinse
Amurgul licărește pe-orașul de vitrine-
Pierdut, mă duc și eu, cu brațele învinse,
Plângând,
Și fredonând,
Gândindu-mă la mine."
George Bacovia,Vals de toamnă,"La geamuri, toamna cântă funerar
Un vals îndoliat și monoton...
Prin salon,
După al toamnei bocet mortuar.

Auzi, cum muzica răsună clar
În parcul falnic, antic și solemn, -
Din instrumente jalnice, de lemn,
La geamuri, toamna cântă funerar.

Acum, suspină valsul și mai rar,
O, lasă-mă acum să te cuprind...
- Hai, să valsăm, iubito, hohotind,
După al toamnei bocet mortuar."
George Bacovia,Nocturnă,"O, nu mai cânta, harmonie pribeagă,
Că plâng și nu mai știu unde să mă duc,
În toamna care plânge pe-o veche modestie,
Cu ploaia care curge în mahalaua bleagă,
În noaptea asta-n care am devenit năuc
Oh, plouă și tu gemi cu plâns de armonie...
- Tot altuia, de mine, aminte să-l aduc...
O, nu mai cânta, harmonie pribeagă, -
Că plâng și nu știu unde să mă duc."
George Bacovia,Ninge,"Când iar începe-a ninge
Mă simt de-un dor cuprins.
Mă văd, pe-un drum, departe,
Mergând, încet și nins.

Sub streașină, cerdacul
Se-ntunecă, mâhnit;
Stă rezimată-o fată
De stâlpu-nzăpezit."
George Bacovia,Igienă,"Ea crede c-aș fi atacat...
Și când o sărut se teme,
Dar sclavă plăcerii, ea geme
Și cere un lung sărutat.

Pe urmă, când spasmul a dispărut
Își udă-n parfum o batistă-
O pune pe gură și tristă
Ea șterge un ftizic sărut."
George Bacovia,Și ninge...,"Și ninge în orașul mare
E noaptea plină de orgii,
Iar prin saloane aurii
S-aud orchestre și fanfare.

Femei nocturne, singurele
La colț de stradă se ațin,
Desfrâu de bere și de vin
Prin berării și cafenele.

De orbitoare galantare
De diamant și de rubin...
Și de averi orașu-l plin,
Și ninge în orașul mare!..."
George Bacovia,Plumb de iarnă,"Și iar... aceeași oră de dimineață...
Pe toate mocnind același secret;
Un frig violet și fața e creață-
- O, cum omul a devenit concret...

Lungi plictiseli în turnurile sumbre...
Noian de superstiții, cu hohot sec, târziu;
- Vei merita o lampă-n mohorâte umbre
Și corbii azvârliți de-al nopților pustiu.

În noaptea viforoasă de vei putea învinge
O tristă-ngăduire, sau un humor secret-
Vor auzi în turnuri, se vor uita cum ninge...
- O, cum omul a devenit concret..."
George Bacovia,Nervi de toamnă,"Iarbă de plumb și aer tare...
Pudrat pe-o eczemă ce fața mi-o sapă;
Pe câmp, cu-o umbră de cugetare-
Violet, corbi, și-oglinzi de apă.
- O, tu care vei rătăci ca mine
În culori închise și amețit la pas, -
Dus de frumos, de mai bine...
Demult, într-o toamnă, s-a stins un glas."
George Bacovia,Toamnă,"Clavirele plâng în oraș...

Afară o vreme de plumb
Și vântul împrăștie ploaia,
Tomnatice fruze prin târg
Aleargă pe drumuri cu droaia.

Un bolnav poet, afectat
Așteaptă tușind pe la geamuri-
O fată, prin gratii, plângând,
Se uită ca luna prin ramuri.

Ea plânge... el palid se pierde
Prin târgul sălbatec, sever;
Și pare tabloul acesta
Că-l antic și plin de mister!"
George Bacovia,Nocturnă,"Nu e nimeni... plouă... plânge-o cucuvaie
Pe-un acoperiș de piatră-n noapte cu ecouri de șivoaie,
Vai, e ora de-altădată, umbre ude se-ntretaie
Și-n curentul unui gang ațipesc, plin de ploaie.

Tabla tuburilor sună aiurarea tuturor...
O grăbită alchimie, fâlfâie o vâlvătaie,
Vai, e ora de-altădată, dungi de ploaie se-ntretaie,
Un oraș de piatră doarme... toate dor.
Nu e nimeni... plouă... plânge-o cucuvaie."
George Bacovia,Poveste,"Îți aduci aminte ziua când ți-am spus că ești frumoasă
Când cu buzele de sânge și cu ochii sclipitori
Printre arborii de toamnă te opreai încet, sfioasă
Lăsând gândul spre amorul înțeles de-atâtea ori...
Așteptai să fiu poetul îndrăzneț ca niciodată
Ca s-auzi ecoul rece-al unor calde sărutări
Te duceai mereu nainte înspre-o umbră întunecată
Ca o pală rătăcire coborând din alte zări.
Ah, mi-ai spus atât de simplu că ți-l sete de iubire
Neascultând decât șoptirea singuraticei păduri,
Îți opreai cu mâna sânul și zâmbea a ta privire,
Chinul depărtării noastre neputând să-l mai înduri.
- Ha, ha, ha, râdea ecoul, de râdeam de-a ta plăcere,
Între om și-ntre femeie mi-ai spus ura din trecut,
Te-am lăsat să-nșiri povestea cu dureri și cu mistere
Pentru mine, ca oricărui trecător necunoscut.
Îți aduci aminte ziua când ți-am spus că ești frumoasă,
Când, în șoaptele pădurii, poate că te-am sărutat
Ascultând ecoul rece, înspre toamna friguroasă
Ce-aducea-ntâlnirii noastre un adio-ndepărtat?"
George Bacovia,Între ziduri,"Cum trec pe lângă case mari... cătând pe nu știu cine...
O, toamnă-n foșnetul de somn s-adorm șoptind de tine...
Pe strada goală vântul deodată face-un salt,
Tăcere e în ganguri și în ogrăzi de-asfalt.

Cum totu-l glorios... cu niciodată pace...
O, toamnă-n foșnetul lung șoptește-mi cum se tace...
O, nu-l nimic, nimic, a fost un vis înalt,
Tăcere e în ganguri și în ogrăzi de-asfalt."
George Bacovia,Frig,"Sunt lângă un gard rupt,
Și vântul bate cu frunze ude-
Sunt mai urât, mai supt,
Frigul începe sticla s-o asude.

Pe strada aplecară la vale
E-o toamnă ca o poezie veche-
Vântul împinge fusta femeilor în cale,
Cu una din ele nu mai puteam fi o pereche.

Toamna rupe afișe și flori,
E mai trist departe-n prăpăstii-
Să faceți foc pe zi de mai multe ori;
O, trebuie să fie trist departe-n prăpăstii...
Fulgi de zăpadă rătăcitori..."
George Bacovia,Dimineață,"O cafea neagră... și-o ploaie de gheață,
Când spiritul mai arde culori în odaie-
O privire pe-o carte, pe straie,
Și pasul mă-ndeamnă în dimineață.

Cum frigul tremurând ca o veste,
Tot plânge de-al meu și de-al tău...
Tot mai mult am rămas cu ce este,
Și plouă cu-o părere de rău.

Am uitat dacă merg... încă tot mai iubesc...
Am ajuns la timp, ocup și un loc.
Dar gândul apasă cu graul său bloc...
E numai vedere... nu mai pot să vorbesc..."
George Bacovia,Romanță,"Parfumul rozelor ude,
Tomnatic suspin,
În zori, în tăcutele trude,
Te cheamă pe tine, puțin.

O tristă poemă de foi
Îmi spune-o poveste de noi...
- Adio, pustiu și fior.
Va fi poate-odată, amor."
George Bacovia,Plumb,"Dormeau adânc sicriele de plumb,
Și flori de plumb și funerar vestmânt-
Stam singur în cavou... și era vânt...
Și scârțâiau coroanele de plumb.

Dormea întors amorul meu de plumb
Pe flori de plumb, și-am început să-l strig-
Stam singur lângă mort... și era frig...
Și-l atârnau aripele de plumb."
George Bacovia,Pastel,"Buciumă toamna
Agonic- din fund-
Trec păsărele
Și tainic s-ascund.

Țârâie ploaia...
Nu-l nimeni pe drum;
Pe-afară de stai
Te-năbuși de fum.

Departe, pe câmp,
Cad corbii, domol;
Și răgete lungi
Pornesc din ocol.

Tălăngile, trist,
Tot sună dogit...
Și tare-l târziu,
Și n-am mai murit..."
George Bacovia,Decor,"Copacii albi, copacii negi
Stau goi în parcul solitar:
Decor de doliu, funerar...
Copacii albi, copacii negri.

În parc regretele plâng iar...

Cu pene albe, pene negre
O pasăre cu glas amar
Străbate parcul secular...
Cu pene albe, pene negre...

În parc fantomele apar...

Și frunze albe, frunze negre;
Copacii albi, copacii negri;
Și pene albe, pene negre,
Decor de doliu, funerar...

În parc ninsoarea cade rar..."
George Bacovia,Amurg,"Trec corbii- ah, ""Corbii""
Poetului Tradem-
Și curg pe-nnoptat
Pe-un târg înghețat,

Se duc pe pustii...
Pe când, de argint,
În amurg de argint,
S-aprinde crai nou,

Pe zări argintii
În vastul cavou...
Iubito, ah, „Corbii""
Poetului Tradem..."
George Bacovia,Lacustră,"De-atâtea nopți aud plouând,
Aud materia plângând...
Sunt singur, și mă duce-un gând
Spre locuințele lacustre.

Și parca dorm pe scânduri ude,
În spate mă izbește-un val-
Tresar prin somn și mi se pare
Că n-am tras podul de la mal.

Un gol istoric se întinde,
Pe-aceleași vremuri mă găsesc...
Și simt cum de atâta ploaie
Piloții grei se prăbușesc.

De-atâtea nopți aud plouând,
Tot trsărind, tot așteptând...
Sunt singur și mă duce-un gând
Spre locuițele lacustre."
George Bacovia,Gri,"Plâns de corbe pe la geamuri se opri,
Și pe lume plumb de iarnă s-a lăsat;
„I-auzi corbii"", mi-am zis singur... și-am oftat,
Iar în zarea grea de plumb
Ninge gri.

Ca și zarea, gândul meu se înnegri...
Și de lume tot mai singur, mai barbar, -
Trist cu-o pană mătur vatra, solitar...
Iar în zarea grea de plumb
Ninge gri."
George Bacovia,Sonet,"E-o noapte udă, grea, te-neci afară,
Prin ceață- obosite, roșii, fără zare-
Ard, afumate, triste felinare,
Ca într-o crâșmă umedă, murdară.

Prin măhălăli mai neagră noaptea pare...
Șivoaie-n case triste inundară-
Ș-auzi tușind o tuse-n sec, amară-
Prin ziduri vechi ce stau în dărâmare.

Ca Edgar Poe, mă reîntorc spre casă,
Ori ca Verlaine, topit de băutură-
Și-n noaptea asta de nimic nu-mi pasă.

Apoi, cu pași de-o nostimă măsură,
Prin întunerec bâjbâiesc prin casă,
Și cad, recad și mai tac din gură."
George Bacovia,Amurg de toamnă,"Amurg de toamnă pustiu, de humă,
Pe câmp sinistre șoapte trec pe vânt-
Departe plopii s-apleacă la pământ
În larg balans lenevos, de gumă.

Pustiu adânc... și-ncepe a-nnopta,
Și-aud gemând amorul meu defunct,
Ascult atent privind un singur punct
Și gem și plâng și râd în hâ, în ha..."
George Bacovia,Tablou se iarnă,"Ninge grozav pe câmp la abator
Și sânge cald se scurge pe canal;
Plină-l zăpada de sânge animal-
Și ninge mereu pe-un trist patinor...

E albul aprins de sânge-nchegat
Și corbii se plimbă prin sânge... și sug;
Dar ceasu-l târziu... în zări corbii fug, -
Pe câmp la abator s-a înnoptat.

Ninge mereu în zarea-noptată...
Și-acum când geamuri triste se aprind
Spre abator vin lupii licărind.
- Iubito, sunt eu la ușa înghețată."
George Bacovia,În grădină,"Scârțâie toamna din crengi ostenite
Pe garduri bătrâne, pe streșini de lemn,
Și frunzele cad ca un sinistru semn
În liniștea grădinii adormite.

O palidă fată cu gesturi grăbite
Așteaptă pe noul amor...
Pe când, discordant și înfiorător,
Scârțâie toamna din crengi ostenite."
George Bacovia,Spre toamnă,"Pe drumuri delirând,
Pe vreme de toamnă,
Mă urmărește-un gând
Ce mă îndeamnă:
- Dispari mai curând!

În casa iubitei de-ajung,
Eu zgudui fereastra nervos,
Și-o chem ca să vadă cum plouă
Frunzișul, în târgul ploios.

Dar, iată, și-un mort evreiesc...
Și plouă, e moină, noroi-
În murmure stranii semite
M-adaug și eu în convoi.

Și nimeni nu știe ce-l asta-
M-afund într-o crâșmă să scriu,
Sau râd și pornesc înspre casă,
Și-acolo mă-nchid ca-n sicriu.

Și mereu delirând
Pe vreme de toamnă,
M-adoarme un gând
Ce mă îndeamnă:
- Dispari mai curând..."
George Bacovia,Pălind,"Sunt solitarul pustiilor piețe
Cu triste becuri cu pală lumină-
Când sună arama în noaptea deplină,
Sunt solitarul pustiilor piețe.

Tovarăș mi-l râsul hidos și cu umbra
Ce sperie câinii pribegi prin canale;
Sub tristele becuri cu razele pale,
Tovarăș mi-l râsul hidos și cu umbra.

Sunt solitarul pustiilor piețe
Cu jocuri de umbră ce dau nebunie;
Pălind în tăcere și-n paralizie, -
Sunt solitarul pustiilor piețe..."
George Bacovia,Amurg violet,"Amurg de toamnă violet...
Doi plopi, în fund, apar în siluete
- Apostoli în odăjdii violete-
Orașul tot e violet.

Amurg de toamnă violet...
Pe drum e-o lume leneșă, cochetă;
Mulțimea toată pare violetă,
Orașul tot e violet.

Amurg de toamnă violet...
Din turn, pe câmp, văd voievozi cu plete;
Străbunii trec în pâlcuri violete,
Orașul tot e violet."
George Bacovia,Decembre,"Te uită cum ninge decembre,
Spre geamuri, iubito, privește-
Mai spune s-aducă jăratec
Și focul s-aud cum trosnește.

Și mână fotoliul spre sobă,
La horn s-ascult vijelia,
Sau zilele mele- totuna-
Aș vrea să le-nvăț simfonia.

Mai spune s-aducă și ceaiul,
Și vino și tu mai aproape, -
Citește-mi ceva de la poluri,
Și ningă... zăpada ne-ngroape.

Ce cald e aicea la tine.
Și toate din casă mi-s sfinte, -
Te uită cum ninge decembre...
Nu râde... citește-nainte.

E ziuă și ce întuneric...
Mai spune s-aducă și lampa-
Te uită, zăpada-l cât gardul,
Și-a prins promoroacă și clampa.

Eu nu mă mai duc azi acasă...
Potop e-napoi și-nainte,
Te uită cum ninge decembre,
Nu râde, citește-nainte."
George Bacovia,Negru,"Carbonizate flori, noian de negru...
Sicrie negre, arse, de metal,
Vestminte funerare de mangal,
Negru profund, noian de negru...

Vibrau scântei de vis... noian de negru,
Carbonizat, amorul fumega-
Parfum de pene arse și ploua...
Negru, numai noian de negru..."
George Bacovia,Nevroză,"Afară ninge prăpădind,
Iubita cântă la clavir,
Și târgul stă întunecat,
De parcă ninge-n cimitir.

Iubita cântă-un marș funebru,
Iar eu nedumerit mă mir:
De ce să cânte-un marș funebru...
Și ninge ca-ntr-un cimitir.

Ea plânge, și-a căzut pe clape,
Și geme greu ca în delir...
În dezacord clavirul moare,
Și ninge ca-ntr-un cimitir.

Și plâng și eu și tremurând
Pe umeri platele-l resfir...
Afară târgul stă pustiu
Și ninge ca-ntr-un cimitir."
George Bacovia,Moină,"Și toamna și iarna
Coboară-amândouă;
Și plouă și ninge, -
Și ninge și plouă.

Și noaptea se lasă
Murdară și goală;
Și galbeni trec bolnavi
Copii de la școală.

Și-s umezi păreții,
Și-un frig mă cuprinde-
Cu cei din morminte
Un gând mă deprinde...

Și toamna și iarna
Coboară-amândouă;
Și plouă și ninge, -
Și ninge și plouă."
George Bacovia,Melancolie,"Ce chiot, ce vaiet în toamnă.
Și codrul, sălbatec vuiește-
Răsună-n coclauri un bucium,
Și doina mai jalnic pornește.

Ascultă, tu, bine, iubito,
Nu plânge și nu-ți fie teamă,
Ascultă cum greu, din adâncuri,
Pământul la dânsul ne cheamă..."
George Bacovia,Rar,"Singur, singur, singur,
Într-un han, departe-
Doarme și hangiul,
Străzile-s deșarte,
Singur, singur, singur...

Plouă, plouă, plouă...
Vreme de beție-
Și s-asculți pustiul,
Ce melancolie!
Plouă, plouă, plouă...

Nimeni, nimeni, nimeni...
Cu atât mai bine-
Și de-atâta vreme
Nu știe de mine
Nimeni, nimeni, nimeni...

Tremur, tremur, tremur...
Orice ironie
Vă rămâne vouă-
Noaptea e târzie,
Tremur, tremur, tremur...

Veșnic, veșnic, veșnic...
Rătăciri de-acuma
N-or să mă mai cheme-
Peste vise bruma,
Veșnic, veșnic, veșnic...

Singur, singur, singur...
Vreme de beție-
I-auzi cum mai plouă,
Ce melancolie!
Singur, singur, singur..."
George Bacovia,Nervi de toamnă,"E toamnă, e foșnet, e somn...
Copacii, pe stradă, oftează;
E tuse, e plânset, e gol...
Și-l frig și burează.

Amanții, mai bolnavi, mai triști,
Pe drumuri fac gesturi ciudate-
Iar frunze de veșnicul somn
Cad grele, udate.

Eu stau și mă duc și mă-ntorc,
Și-amanții profund mă-ntristează-
Îmi vine să râd fără sens,
Și-l frig și bureză."
George Bacovia,Seară tristă,"Barbar, cânta femeia-aceea,
Târziu, în cafeneaua goală,
Barbar cânta, dar plin de jale, -
Și-n jur era așa răscoală...
Și-n zgomot monstru de țimbale,
Barbar, cânta femeia-aceea.

Barbar, cânta femeia-aceea...
Și noi eram o ceată tristă-
Prin fumul de țigări, ca-n nouri,
Gândeam la lumi ce nu există...
Și-n lungu, satanice ecouri
Barbar, cânta femeia-aceea.

Barbar, cânta femeia-aceea,
Și-n jur era așa răscoală...
Și nici nu ne-am mai dus acasă,
Și-am plâns cu frunțile pe masă,
Iar peste noi, în sala goală, -
Barbar, cânta femeia-aceea..."
George Bacovia,Note de toamnă,"Tăcere... e toamnă în cetate...
Plouă... și numai ploaia dă cuvânt-
E pace de plumb, e vânt și pe vânt
Grăbite trec frunze liberate.

Deschide, dă drumu-adorato,
Cu crengi și foi uscate am venit;
În târg, o fată tristă a murit, -
Și-au dus-o pe ploaie, și-au îngropat-o...

Dă drumu, e toamnă în cetate-
Întreg pământul pare un mormânt...
Plouă... și peste târg, duse de vânt,
Grăbite, trec frunze liberate."
George Bacovia,"Oh, amurguri","Oh, amurguri violete...
Vine
Iarna cu plânsori de piculine...

Peste parcul părăsit
Cad regrete
Și un negru croncănit...

Veșnicie,
Enervare...
Din fanfare funerare
Toamna sună, agonie...

Vânt de gheață s-a pornit,
Iar sub crengile schelete, -
Hohot de smintit.

Nici o urmă despre tine.
- Vine, nu vine?...
Oh, amurguri violete..."
George Bacovia,Amurg de iarnă,"Amurg de iarnă, sumbru, de metal,
Câmpia albă- un imens rotund-
Vâslind, un corb încet vine din fund,
Tăind orizontul, diametral.

Copacii rari și ninși par de cristal.
Chemări de dispariție mă sorb,
Pe când, tăcut, se-ntoarce-același corb,
Tăind orizontul, diametral."
George Bacovia,Alean,"E-n zori, e frig de toamnă,
Și cât cu ochii vezi
Se-ncolăcește fumul
Și-l pâclă prin livezi.

Răsună, trist, de glasuri
Câmpiile pustii, -
Și pocnet lung și chiot
S-aude-n deal la vii.

C-un zmeu copiii-aleargă,
Copil, ca ei, te vezi,
Și plângi... și-l frig de toamnă...
Și-l pâclă prin livezi."
George Bacovia,Amurg antic,"Havuzul din dosul palatului mort
Mai aruncă, mai plouă, mai plânge-
Și stropii căzând, în amurg, iau culori:
De sineală, de aur, de sânge.

Plutește un lanț de lebede albe,
Iar visul din parc în lac se răsfrânge-
Amurgul pe lebede pune culori:
De sineală, de aur, de sânge.

Uitate, statuile albe privesc,
Albe visând cu-n aer ce plânge-
Și lasă amurgul pe ele culori:
De sineală, de aur, de sânge."
George Bacovia,Pulvis,"Imensitate, veșnicie,
Tu, haos, care toate-aduni...
În golul tău e nebunie, -
Și tu ne faci pe toți nebuni.

În fața ta sunt cel mai laș.
Imensitate, veșnicie, -
Iubesc o fată din oraș...
Învață-mă filosofie.

Imensitate, veșnicie,
Pe când eu tremur în delir,
Cu ce supremă ironie
Arăți în fund un cimitir."
George Bacovia,Cuptor,"Sunt câțiva morți în oraș, iubito,
Chiar pentru asta am venit să-ți spun;
Pe catafalc, de căldură-n oraș,
Încet, cadavrele se descompun.

Cei vii se mișcă și ei descompuși,
Cu lutul de căldură asudat;
E miros de cadavre, iubito,
Și azi, chiar sânul tău e mai lăsat.

Toarnă pe covoare parfume tari,
Adu roze pe tine să le pun;
Sunt câțiva morți în oraș, iubito,
Și-ncet cadavrele se descompun..."
George Bacovia,Toamnă,"Răsună din margini de târg
Un bangăt puternic de armă;
E toamnă... metalic s-aud
Gorniștii, în fund, la cazarmă.

S-aude și-un clopot de școală,
E vânt, și-l pustiu, dimineață;
Hârtii și cu frunze, de-a valma,
Fac roată-n vârteje, pe-o piață.

Se uită în zări catedrala,
Cu turnu-l sever și trufaș;
Grădina orașului plânge,
Și-aruncă frunzișu-n oraș.

Și vine, ca-n vremi de demult,
Din margini, un bucium de-alarmă,
E toamnă... metalic s-aud
Gorniștii, în fund, la cazarmă."
George Bacovia,Singur,"Potop, cad stele albe de cristal
Și ninge-n noaptea plină de păcate;
La vatră-n para ce abia mai bate-
Azi, a murit chiar visul meu final.

Și ninge-n miezul nopții glacial...
Și tu iar tremuri, suflet singuratec, -
Pe vatră-n para slabă, în jăratec, -
Încet, cad lacrimi roze de cristal."
George Bacovia,Trudit,"Iubito și iar am venit...
Dar astăzi, de-abia mă mai port-
Deschide clavirul și cântă-mi
Un cântec de mort.

Și dacă-am să cad pe covoare
În tristul, tăcutul salon, -
Tu cântă nainte, iubito,
Încet, monoton."
George Bacovia,Amurg,"Ca lacrimi mari de sânge
Curg frunze de pe ramuri,
Și-nsâgerat, amurgul
Pătrunde-ncet prin geamuri.

Pe dealurile-albastre,
De sânge urcă luna,
De sânge pare lacul,
Mai roș ca-ntotdeauna.

La geam tușește-o fată
În bolnavul amurg;
Și s-a făcut batista
Ca frunzele ce curg."
George Bacovia,Altfel,"Omul începuse să vorbească singur...
Și totul se mișca în umbre trecătoare-
Un cer de plumb de-a pururea domnea,
Iar creierul ardea ca flacăra de soare.

Nimic. Pustiul tot mai larg părea...
Și-n noaptea lui amară tăcuse orice cânt; -
Și-nvinețit de gânduri, cu fruntea în pământ,
Omul începuse să vorbească singur..."
George Bacovia,Panoramă,"Plângea caterinca-fanfară
Lugubru în noapte, târziu...
Și singur priveam prin ochene,
Pierdut în muzeul pustiu...

Și-n lumea ochenelor triste
Mă prinse sinistre gândiri-
În jurul meu corpuri de ceară,
Cu hâde și fixe priviri.

Și-acea caterincă-fanfară
Îmi dete un tremur satanic;
În racle de sticlă- princese
Oftau, în dantele, mecanic,

Și-atunci am fugit plin de groază
Din sumbrul muzeu fioros,
Orașul dormea în tăcere,
Flașneta plângea cavernos.

Plângea caterinca-fanfară
O arie tristă, uitată...
Și stam împietrit... și de veacuri,
Cetatea părea blestemată."
George Bacovia,Finis,"Cadavrul impozant pe catafalcul falnic,
Sub gaza de argint visa în vasta sală...
Iar sânul ei pierdut în mortuara gală-
Pe veci oprit, înmărmurise falnic.

Pustiu...

Departe, în cetate viața tropota...
O, simțurile-mi toate se enervau fantastic...
Dar în lugubrul sălii pufneau în râs sarcastic
Și Poe și Baudelaire și Rollinat."
George Bacovia,Plumb de iarnă,"Iarna, de-o vrame, mă duce regretul
Prin crânguri, pe margini de linii ferate-
Trec singur spre seară pe ape-nghețate,
Când fâlfâie, pe lume, violetul.

Paloarea, mutismul minează-al meu pipt
Pe satele ninse crai nou când apare;
Trec singur pe poduri de fier solitare,
Și-aștept în zăpadă... dar ce mai aștept?

Hau!... Hau!... depărtat sub stele-nghețate...
În noaptea grozavă la voi cine bate?...
O, vis... o, libertate...
Hau!... Hau!... depărtat sub stele-nghețate..."
George Bacovia,Nocturnă,"Stau... și moina cade, apă, glod...
Să nu mai știu nimic, ar fi un singur mod-
Un bec agonizează, există, nu există, -
Un alcoolic trece piața tristă.

Orașul doarme ud în umezeala grea,
Prin zidurile astea, poate, doarme ea, -
Case de fier în case de zid,
Și porțile grele se-nchid.

Un clavir îngână-ncet la un etaj,
Umbra mea stă în noroi ca un trist bagaj-
Stropii sar,
Ninge zoios,
La un geam, într-un pahar,
O roză galbenă se uită-n jos."
George Bacovia,Plumb de toamnă,"De-acum, tușind, a și murit o fată,
Un palid visător s-a împușcat;
E toamnă și de-acuma s-a-nnoptat...
- Tu ce mai faci, iubita mea uitată?

Într-o grădină publică, tăcută,
Pe un nebun l-am auzit răcnind,
Iar frunzele cu droaia se desprind;
E vânt și-orice speranță e pierdută.

Prin târgu-nvăluit de sărăcie
Am întâlnit un popă, un soldat...
De-acum pe cărți voi adormit uitat,
Pierdut într-o provincie pustie.

De-acum, au și pornit pe lumea eronată
Ecouri de revoltă și de jale;
Tot mai citești probleme sociale...
Sau, ce mai scrii, iubita mea uitată?"
George Bacovia,Largo,"Muzica sonoriza orice atom...
Dor de tine și de altă lume,
Dor...
Plana:
Durere fără nume
Pe om...
Toți se gândeau la viața lor,
La dispariția lor.
Muzica sentimentaliza
Obositor, -
Dor de tine și de altă lume,
Dor...
Muzica sonoriza orice atom."
George Bacovia,Plouă,"Da, plouă cum n-am mai văzut...
Și grele tălăngi adormite,
Cum sună sub șuri învechite!
Cum sună în sufletu-mi mut!

Oh, plânsul tălăngii când plouă!

Și ce enervare pe gând!
Ce zi primitivă de tină!
O bolnavă fată vecină
Răcnește la ploaie, râzând...

Oh, plânsul tălăngii când plouă!

Da, plouă... și sună umil
Ca tot ce-l iubire și ură-
Cu-o muzică tristă, de gură,
Pe-aproape s-aude-un copil.

Oh, plânsul tălăngii când plouă!

Ce basme tălăngile spun!
Ce lume-așa goală de vise!
... Și cum să nu plângi în abise,
Da, cum să nu mori și nebun?

Oh, plânsul tălăngii când plouă!"
George Bacovia,Nervi de primăvară,"Primăvară...
O pictură parfumată cu vibrări de violet.
În vitrine, versuri de un nou poet.,
În oraș suspină un vals de fanfară.

O nouă primăvară de visuri și păreri...

O lungă deșteptare zvonește împrejur,
E clar și numai soare.
La geamul unei fabrici o pală lucrătoare
Aruncă o privire în zarea de azur.

O nouă primăvară pe vechile dureri...

Apar din nou țăranii pe hăul din câmpie,
În infinit pământul se simte tresăltând:
Vor fi acum de toate cum este orișicând,
Dar iar rămâne totul o lungă teorie.

O, când va fi un cântec de alte primăveri?..."
George Bacovia,Matinală,"Aurora violetă
Plouă rouă de culori-
Venus, plină de fiori,
Pare-o vie violetă.

Bat la geamul tău încet,
Bat cu-o roză sângeroasă-
Vino, floare somnoroasă,
Cât pe zări e violet.

Plâns de ape se repetă,
Încă totu-l adormit-
Ca în vise s-a pornit
Roata morii. - Violetă.

Gol e-al sânului buchet,
Floare goală, somnoroasă...
Trist, cu roza sângeroasă,
Bat în geamul violet.

Aurora violetă
Se pătează de culori-
Venus, pală de fiori,
Pare-o stinsă violetă..."
George Bacovia,În parc,"Acum stă parcul devastat, fatal,
Mâncat de cancer și ftizie,
Pătat de roșu carne-vie-
Acum se-nșiră scene de spital.

Atunci, râdea,
Băteau aripi de veselie;
Parfum, polen și histerie, -
Atunci în parc și ea venea.

Acum cad foi de sânge-n parcul gol,
Pe albe statui feminine;
Pe alb model de forme fine,
Acum se-nșiră scene de viol..."
George Bacovia,Poemă în oglindă,"În salonul plin de vise,
În oglinda larg-ovală încadrată în argint,
Bate toamna
Și grădina cangrenată,
În oglinda larg-ovală încadrată în argint.

În fotoliu, ostenită, în largi falduri de mătase,
Pe când cade violetul,
Tu citești nazalizând
O poemă decadentă, cadaveric parfumată,
Monotonă.

Eu prevăd poema roză a iubirii viitoare...

Dar pierdută, cu ochi bolnavi,
Furi, ironic, împrejurul din salonul parfumat.
Și privirea-ți cade vagă peste apa larg ovală,
Pe grădina cangrenată,
Peste toamna din oglindă-
Adormind...

Eu prevăd poema roză a iubirii viitoare...

Însă pal mă duc acuma în grădina devastată
Și pe masa părăsită- albă marmoră sculptată-
În vestmintele-mi funrbre,
Mă întind ca și un mort,
Peste mine punând roze, flori pălite-ntârziate
Ca și noi...

Zi, finala melodie din clavirul prăfuit,
Or ajunge plânsul toamnei din havuzele-nnoptate.
Vezi, din anticul fotoliu-
Agonia violetă,
Catafalcul,
Și grădina cangmată,
În oglinda lareg-ovală încadrată în argint..."
George Bacovia,Alb,"Orchestra începucu-o indignare grațioasă.
Salonul alb visa cu roze albe-
Un vals de voaluri albe...
Spațiu, infinit, de o tristeță armonioasă...

În aurora plină de vioare,
Balul alb s-a resfirat pe-ntinsele cărări-
Cântau clare sărutări...
Larg, miniatură de vremuri viitoare..."
George Bacovia,Nervi de toamnă,"La toamnă, când frunza va îngălbeni,
Când pentru ftizici nu se știe ce noi surprize vor veni, -
Alcoolizat, bătut de ploi, cum n-am mai fost cândva,
Târziu, în geamul tău, încet, cu o monedă voi suna.

Și-n toamna asta udă, mai putredă ca cele ce s-au dus,
Când vântul va boci, din nou, la cei de jos, la cei de sus, -
La geamul tău, în spaima nopții, ca un prelung final,
Voi repeta că anii trec mereu mai greu și mai brutal.

Va bate ploaia... și târziu, la geamul tău voi plânge-ncet...
Va rătăci alcoolizat, în noapte, un schelet, -
Nimic tu nu vei auzi din câte voi avea de spus...
În toamna asta udă, mai putredă ca cele ce s-au dus."
George Bacovia,Plumb de iarnă,"Ninge secular, tăcere, pare a fi bine,
Prin orașul alb, doar vântul trece-ntârziat-
Ninge, parcă toți muriră, parcă toți au înviat...

Dorm volumele savante-n îngehțatele vitrine.

Printre ziduri, peste turnuri depărtate,
Ninge cu nimic în noaptea vastă, ning bancnote-
Numai vântul singur plânge alte note...

Umbra mea se adâncește în cartiere democrate.

Ninge grandios în orașul vast cum nu mai este,
Ning la cinematografe grave drame sociale,
Pe când hohotește-n bulevarde glaciale...

- Dar cine poate să explice această tristă poveste?"
George Bacovia,Plumb de iarnă,"Toamnă-n grădină și-acordă vioara,
Strada-l pustie...
Orașul e plin de hambare, -
De pânea cea nouă duduie moara.

O frunză s-a lăsat pe-o mână-ntinsă care cere...

Orașul gol...
Cetate depărtată;
Frunzișul smuls...
De firele electrice, paralizată,
Ca un simbol,
O pasăre cade-n oraș, ca o tristețe mai mult.

Și înserează... și e tăcere...

Și gândul s-afundă, pierdut vâslaș,
Pe-al vremurilor mers-
Și jalea de-a nu mai putea face un vers...

Sunt cel mai trist din acest oraș."
George Bacovia,Monosilab de toamnă,"Toamna sună-n geam frunze de metal,
Vânt.
În tăcerea grea, gând și animal
Frânt.

În odaie, trist sună lemnul mut:
Poc.
Umbre împrejur într-un gol, tăcut,
Loc.

În van feste foi, singur, un condei
Frec.
Lampa plânge... anii tăi, anii mei
Trec.

Să mă las pe pat, ochii să-l închid
Pot.
În curând, încet va cădea în vid
Tot.

O, va fi cândva altfel natural,
Bis.
Toamna sună-n geam frunze de metal,
Vis."
George Bacovia,Nocturnă,"Uitarea venea... a venit,
O lacrimă cade jos, totul tace.
Lampa obosită a clipit,
Orice obiect atins șoptește: - lasă-mă-n pace...

De-acum...
Auzi ploaia plânge pe drum.
Pe un adânc tumult,
Pe urma unui mic pantof într-un parc de demult.

Adorm... ascult...
Afară, la fereastră, toamna a spus:
- Of!..."
George Bacovia,Sic transit,"Acolo, unde nu-l nimeni,
Nici umbre
Unde se duc
Mulțime de ani,
Și zgomotul zilei,
Și tăcerea nopții...
Unde toate sunt știute...
Acolo, spun călătorii,
Că numai rafale de foc
Se denunță
Lugubru, metalic
Din minut în minut.
Acolo unde nu-l nimeni,
Și nu mai trebuie
Nici un cuvânt"
George Bacovia,Sic transit II,"Și iată, ne-a surprins seara
Peste zi nefiind nimic.
La fel
Ca de atâtea ori.

Povești...
De muncă,
Lene,
Banchetul din umbră,
Sau timp de fericire.
Și, iată, ne-a surprins seara,
Peste zi nefiind nimic."
George Bacovia,Antrenare,"La locul întâlnirii
Am așteptat.
De un timp
Ore trec
Dezolant.
Aceasta gândeam.
Iar despre tine
Mi-am zis
Că mă duci
Într-o lume
Care ține mult,
Ca într-o cameră cu cărți,
Din tot ce se vorbește
Pe atâta se tot scrie.
Și-n limba
Care o cunosc,
Sunt multe teme
Cu știința versificării.
Descrie tu,
Cănd, dezolant,
Ore trec."
George Bacovia,Idei,"Cântec, deasupra cetății,
Îmbătrânire?!
Eternității i-am zis:
La muzica asta frumoasă,
Sunt lipsuri
În sângele meu.
Îngeri, deasupra cetății,
Emotive,
Despre ceva mai nou?!
Telegraf
Sunt lipsuri
În sângele meu."
George Bacovia,Idei II,"Visări de mult mocnite
De nu cumva
Mi-am pierdut Umbra
Între normal,
Și ispite.

Un vin, oricât de-alinător,
Excludă-acest fatal:
Contract
Cu răul Negustor."
George Bacovia,Idei III,"Când ore libere
Sună
Din vechi acordeon,
De-a zilelor bravade...
Relativ,
Pardon.

Când ore libere
Sună
Uitări și abandon,
De-a lumii baricade...
Relativ,
Pardon."
George Bacovia,Armindeni,"Profil de burg gigant
Și atmosferă, rară,
Amar parfum de liliac
Și bonduri de ghitară.

Plăceri
De-o zi de sărbătoare,
Voioase, vechi moravuri...
Spre câmp se duce
Și dumbrave
Eroua lume muncitoare.

Și după altă zi,
Post festum -
Îndemânări de cruci
Pe străzi
Și în tramvaie,
Spre necesarul randament
Din monotona Muncă."
George Bacovia,Studiu,"Lângă strune de vioară
Cântecul trist
L-am ascultat
Ca să uit de-odinioară,
Sau de târgul meu uitat.

Dar vioarele-n șoptire
Prezentară
Afectat
Străzi cu umbre de iubire...
Și nici târgul s-a schimbat."
George Bacovia,Toamnă în târg,"Iată fructele au fost culese,
Suflet, deprins a fi trist...
Spre grădini vinețite
Fug păsărele de iarnă.
Tarea iubire
Numai poetică a devenit.
Nu-l motiv chiar să plângi.
Ți-amintești?!
Ia țară veneau visări
Din Orient.
Trecea vânzătorul
Cu panerul de cărți.
Ți-amintești?!
Ecouri scurte,
Și târgul brumat.
Monoton,
Împușcături de vânătoare."
George Bacovia,Sine die,"Nu trebuie
Să-ți spui gândurile
Dacă regreți
Trecute scrisele rânduri.
Șadă mintea-n Neant
Din câte veacuri zvonesc,
Nimic a nu mai reține
Din multe ce se vorbesc.

Nu este și nici n-a fost;
Trec zile șirag.
Orizont suspect,
Și metafizic prag."
George Bacovia,Stanță la vin,"Amici e ora
Când vinul
Ne-a făcut suspecți.
Cadențe
De târziu orologiu.
Dacă a mai fost vreodată
Mai bine ca acum,
Sau a dormi
Peste ziua de mâine...
Altă realitate.
Cum, de la un etaj
Se vede
Autouri
Și-o lume micșorată.
Cum recompare
Junia
În cârciume igrasioase.
Amici,
Cadențe
De târziu orologiu...
O haină, pe gust,
Să părăsim
Necunoscutul
Leviathan."
George Bacovia,Estetic urban,"Orașul seara...
Șantiere în repaos.
Și firme scrise
Din becuri înstelate.
Orașul seara...
Pe o piață
Cu sclipiri de fier
Claxon, armonic, a sunat.
Foburgul
Cu bachice dorinți,
Și cugetări
De opere văzute,
Orașul seara...
Din statica uitării, -
Destul frumos,
Destul departe."
George Bacovia,Meridian,"Sezonul verii s-a finit
De serenadele albastre...
De reverii ascunse-n astre...
- Poema care s-a sfârșit.

Sezonul iernii s-a ivit
De cum ninsoarea-n geamuri bate...
De depărtările-nghețate...
- Poema care a venit."
George Bacovia,Nihil novi,"Aceste cuvinte
Ți le trimit
De lângă lampa arzândă,
Acuși mă culc,
Dar fără-a adormi
Voi asculta
Derizorii ecouri.
- De-ar veni aurora...
Mă gândesc.
Pentru niște bani.
Voi bea pentru unii,
Ne-nțeles pentru alții...
Oricâtă destinsă noapte.
- De-ar veni aurora..."
George Bacovia,Nihil novi ii,"Și zilele de vară
Și orizont senin...
Peste încă zece ani,
Câte, incă, se vor știe -
Gând, mereu, nereușit,
Stau speranțe,
Și cu ele
Nici o tresărire,
Se avântă rândunelele
În nemărginire."
George Bacovia,Vizită,"Veacul m-a făcut
Atât de cult
Încât mă uit
Peste oameni.
Am învățat atâtea
În timpul din urmă,
Că suntem la un punct neinsemnat.
S-ar putea face
Multe reforme.
Mă gândeam singur.
Eram fără nimeni.
Și tocmai azi
Au venit musafiri.
- Tu ce dai, eu ce dau...
A, de când nu ne-am văzut.

După-amiază caldă

Căci D-zeu
Mi-a dat să scriu
Aceste rânduri.
Credeam,
Numai să privesc.
Le public,
Și poate,
Din umbra unei terase,
Într-o după-amiază
Tăcută, cu soare,
Va trece o pasăre,
Departe,
Ca printr-un parc...
Gândeștete atunci
La fastuosul basm."
George Bacovia,Excelsior,"Astăzi superb,
Mâine sumbru,
Este
Că scriu frumos.
Și, poate,
Rezervă
De visări,
Dar suflet mai viteaz...
Tăceri
De viitor.
Dar suflet mai viteaz...
Peste cancanuri,
Sau șicane...
O, la țară,
Cu amintiri burgheze,
Într-un conac...
O simfonie
De pe stradă
M-a deviat muzical..."
George Bacovia,De ultimă oră,"Război
Mișcarea popoarelor.
Comerțul a -ncetat.
Mălai,
Pâine,
După alfabet.
Progrese în știință,
Semnale,
Descoperiri,
Cămin,
Colibă,
Adăpost...
Nopți roșii,
Cutremur...
Renașterea lumii."
George Bacovia,Perpetuum mobile,"Nu câștig
Nici un gând
Pentru a-l scrie.
Compozitor de vorbe...
În culori,
Reverii,
Armonii,
Pentru a trece
Tăcerea grea.
Compozitor de vorbe...
Lumea se schimbă.
Egalitate,
Idei tumultoase,
Organizarea
Viitorului întrevăzut.
Sunt grade,
Sunt
Posturi de răspundere..."
George Bacovia,Hibernal noptat,"Când trec
În nopți tăcute
Și gândul
Te reprezintă
În dureri mute...
O, vis, o suflet ideal,
Iubirea,
Care-ar vrea să-nceapă
Ca de plăceri să tremuri...
O, vis, o, suflet ideal,
De n-ar afla
Amantele din vremuri."
George Bacovia,Hibernal noptat ii,"Ce umbră stă la geamul tău
Ca de iubiri învinse?!
Un fost poet, și-al nopții hău,
Pe uliți ninse.

Un plâns iernatic, înnoptat,
Cu viscol de urgie -
În ceasul greu, întârziat,
Aleargă, cine știe..."
George Bacovia,Modernă,"Cântau
La „Radio""
Populare,
Aperitive,
De-o țuică
Și măsline.
Legende clasice,
Într-un castel,
Departe,
Secolul XVIII.
Ceaiuri pișcoturi
Și-acadele.

Acolo, pace
Acolo,
Și-acolo.
Orașul fermecat.
Acroplan.
Un tren,
Un vapor.
Un monstru
Va fi ucis de un erou.
Răsună
Un megafon...
Mistere
Pe ecran."
George Bacovia,Glossă,"Privește savant
Cu inima beată
De iubire
Natura-l statică.
Amorul renaște,
Cu focul de vară,
Cu diamante
De iarnă.
Metempsihoză,
Metamorfoză,
Și câte încă.
La revedere,
Sau la adio.
Privește savant.
Dacă nu-l
Cu cine vorbi,
Se scrie."
George Bacovia,De artă,"Cafeneaua
Cu visători damnați.
Trecutau ani,
Simbolism,
Curentul decadent.
Broșuri,
Bijuterii rare.
Paradoxe
Bizarul,
Seri,
Nopți,
Efuzii de parfume
Și naunțe.
Orașul dominant."
George Bacovia,Boemă,"Se așeza să ningă -
Ningea.
Doream,
Sunt ani de-atunci,
Să te-ntâlnesc
La sfârșit de stradă
Ce dă în câmp.
Îmi părea
Că tu ești mai frumoasă
Iarna.
Doar corbii spuneau
Că stai acasă
Cu vreu prieten.
Reintram în târg.
Zăpada licărea
Electric
Pe fereastra ta.
Se ducea o noapte.
Citeam
Ca în nopți de iarnă."
George Bacovia,Elan,"Sunt numai o verigă din marea îndoire,
Fragilă, unitatea mi-e pieritoare; dar
Un roi de existence din moartea mea răsar,
Și-adevăratul nume ce port: a unduire.
Deci, arcuit sub timpuri, desfășur lung țesut
De la plăpânda iarbă la fruntea gânditoare,
Și blondul șir de forme, urcând din soare-n soare
În largurile vieții revarsă un trecut.
Din călătoarea undă, din apele eterne,
Îmi însușesc veșmântul acelor care mor,
Și innoit și ager alerg - subtil fiorPrin săli orgolioase ori umede caverne...
Și astfel, în Pământuri croindu-mi vaste porți
Spre ritmuri necuprinse de mine vreodată,
Aduc Înaltei Cumpeni povara mea bogată
De-atâtea existențe și tot atâtea morți."
George Bacovia,Lava,"Te-nnăbușai în pâcla încinsei atmosfere,
O! Tu, noian de lavă ce-aveai să fii pământul;
Făptura nu sunase din trâmbiți de cratere,
Nu fulgerase încă, în noaptea ta, cuvântul...
Ce surdă clocotire, ce-nceată așteptare
Sub aburii roșiateci, sub aburii de fier,
Când înspre noi tărâmuri vroiai o revărsare,
Când, oprimat de umbră, to presimtțeai un cer!
Dar se desprinse vălul, și-o boltă-ndepărtată
Din zâmbetu-l albastru desfășură spre tine;
O clipă-a fost... și totuși, sclipirea ei curată
Te-a înfrățit de-a pururi cu sferele senine.
De-atunci, spre-o altă lume fluida-ți formă tinde...
Cu slava-ntrevăzută un dor fără de sațiu
Ar vrea să te-mpreune... și, ca s-o poți cuprinde,
Tentacule lichide îți adâncești în spațiu."
George Bacovia,Munții,"Posomorâta lor înlănțuire
Nu e decât un spasm încremenit
Supremă încordare de granit,
Rămasă dintr-o altă întocmiredemult când dorul lor nebiruit
Îi logodi cu vasta strălucire,
Un brad semeț au repezit spre fire...
Dar gheața înălțimii l-a-mpietrit.
Și-n vreme ce c-un gest de renunțare
Atâtea stânci expiră-n vijelie,
Șuvoiul apei neîncăpătoare,
Șerpuitoare formă veșnic vieprin necuprinsa zărilor câmpie
Se-ndreaptă către mări odihnitoare..."
George Bacovia,Copacul,"Hipnotizat de-adânca și limpedea lumină
A bolților destinse deasupra lui, ar vrea
Să sfarăme zenitul și-nnebunit să bea
Prin mii de crengi crispate, licoarea opalină.
Nici vălurile nopții, nici umeda perdea
De nouri, nu-l gonește imaginea senină:
De-un strălucit albastru viziunea lui a plină,
Oricât de multe neguri în juru-l vor cădea...
Dar când augusta toamnă din nou îl înfășoară
În tonuri de crepuscul, când toamna prinde iară
Sub casca lui de frunze un rod îmbelșugat,
Atunci, intrând în simpla, obșteasca armonie
Cu tot ce-l limitează și-l leagă, împăcat,
În toamna lui, copacul se-nclină către glie."
George Bacovia,Banchizele,"Din aspra contopire a gerului polar
Cu verzi și stătătoare pustietăți lichide,
Sinteze transparente, de străluciri avide,
Zbucnesc din somnorosul noian originar.
Mereu rătăcitoare, substratul lor închide
Tot darul unui soare roșiatec și avar,
Apoi, de-a lungul nopții tot aurul stelar
Și toată înflorirea reflexelor fluide.
Iar când, târziu, prin trude-ndelungi și fir cu fir
Au strâns în năvi de gheață un fabulos Ofir,
Pornesc, pline de spornica for muncă,
Pornesc să-și întrunească ascunsele comori,
Și peste mări de umbră și liniște, aruncă
Efluviile unor neprihănite zori."
George Bacovia,Pentru marile eleusinii,"Când calda strălucire a lunilor toride
Va prinde să decline, când soare potolit
Spre golfuri de-ntuneric va luneca, trudit,
Își va rosti chemarea din nou, Eumolpide...
La vorba lui, pătrunsă de-un tăinuit fior,
Tu vei ghici durerea Zeiței pământene
Și plânsetul Fecioarei ce câmpuri leteene,
I-a dat mult timp să ude în roua ochilor.
Și-n toamna, somptuoasă de purpură și nacru,
În toamna unde seara încheagă tonuri vii,
Prin surda picurare a orelor târzii
Îți vei purta tristețea, încet, pe Drumul Sacru.
Nocturne bold vor ninge, din slăvi, misterul lor
Ți s-o răsfrânge-n suflet tăria-ngândurată
Iar sfânta ta durere va trece legănată
În ritmuri largi și grave, de corul sferelor.
Pe Calichor, în templul încins de roci calcare,
Acolo to așteaptă, cucernic, dorul meu;
Acolo vei ajunge în Marea Noapte, greu
De gânduri, de neliniști, de-adâncă-nduioșare.
Mă vei urma... Cuvântul va depăna domol
Povestea fără nume a Nunții Subterane
Uimit, îți vei cuprinde supremele arcane
Din culmi nebănuite și limpezi de simbol.
Iar când, topit în apa adâncilor mistere,
Zeiței chtoniene întreg to vei fi dat,
Cu mâini îngemănate și gând cutremurat
Îți voi aduce iarba culeasă în tăcere..."
George Bacovia,Panteism,"Vom merge spre fierbintea, frenetica viață,
Spre sânul ei puternic cioplit în dur bazalt,
Uitat să fie visul și zborul lui înalt,
Uitată plăsmuirea cu gripe de ceață!
Vom coborî spre calda, impudica Cybelă,
Pe care flori de fildeș on umed putregai
Își înfrățesc de-a valma teluricul lor trai,
Și-l vom cuprinde coapsa fecundă de femelă.
Smulgându-ne din cercul puterilor latente,
Vieții universale, adânci, ne vom recta;
Iar nervii, hidră cu mii de guri, vor bea
Interioara-l mare de flăcări violente.
Și peste tot, în trupuri, în roci fierbinti - orgie
De ritmuri vii, de lavă, de freamăt infinit,
Cutremurând vertebre de silex on granit,
Va hohoti, imensă, Vitala Histerie..."
George Bacovia,Arca,"În turburatu-mi suflet, am construit o Arcă
- Informă nălucire de biblic corăbierși turme-ntregi de gânduri pe puntea ei se-mbarcă,
Noroade-ntregi, plecate puternicului cer.
E vremea să se-abată mânia Lui! O ploaie
De stropi rigizi întinde zăbrele de oțel.
Corabia aleargă... în negura greoaie,
Corabia se-nclină și-aleargă fără gel...
Și cel din urmă creștet de munte se scufundă...
- Spre care țărm, Stăpâne, spre care Ararat
Din bruma depărtării, mă poartă-adânca undăS-a coborât pe ape lințoliu-ntunecat.
Aud cum se destramă un suflet undeva,
Departe, în a ploii acidă melopee...
E noapte-n larg... iar Arca te-așteaptă, Jehova,
Pe mările din suflet să fereci curcubee."
George Bacovia,Ți-am împletit...,"Ți-am împletit suprema cunună de tristețe,
Să te înalți mai gravă în cadrul tău de-azur
Iar seara să-ți umbrească înalta frumusețe
Și astfel întregită să-atingi Acordul-Pur.
Dar dacă-ncumetarea te șovăie și seara
Descinde friguroasă în inimă și gând
Iar, umedă, pe frunte apasă greu tiara
Atunci, slăvită Soră, zorește mai curând.
Spre malurile unde demult îmbrățișarea
Așteaptă să te-adoarmă așa cum to desmierzi,
Așteaptă infinită și limpede ca marea
Să te cununi cu somnul și-n unde să te pierzi."
George Bacovia,Umbra,"Ai biruit! O dungă-n miezul zilei,
O mare de cenușe-n asfințit,
În surda războire-ai biruit:
Stăpână ești pe vânătul argilei!
Demult, de când înflăcăratul cer
Purta spre culmi diurna lui povară,
La poala crestelor scăldate-n pară
Tu încrustai un sumbru colier.
Un promontor dințat sau în ogivă
De pe atunci rupea cutezător
Din pajiște. Dar sub al zilei zbor,
Te spulberai, putere corosivă!
Când însă către cuibul său aprins
Pribeagul oaspe prinse să coboare
Pe urma lui de foc, triumfătoare
O zgură plumburie ai întins
Ea mușcă din pășune și din tină
Se-mplântă-adânc și neînduplecat
În câmpul până-atunci transfigurat
De calda revărsare de lumină.
O! Valul tău trufaș și-mpotrivirea
Celor din urmă insule-aurii
O, moartea strălucirilor târzii
Și doliul ce-nvestmântă iarăși firea!
Căci nu e loc unde să nu fi pus
Temeinic gheara ta, neîndurato!
Câmpia vastă ai înveninat-o
Și în curând nu va mai fi Apus.
Te uită, Zările se împreună.
Un ocean, talazul tău cernit; - Când, Umbră, sub zenitul poleit,
Te vei preface-n mistic clan de lună?"
George Bacovia,Dionisiacă,"Plecați-vă, în cuget cucernic și sfios,
V-o spun: e-aproape timpul, de-a pururi sfânt când iară
Biruitoarea Brimo va naște pe Brimos...
Și-l veți vedea, slăvitul sub verdea lui tiară
De iederă brumată și smilax înflorit;
Fântâni adânci de viață în steiuri El va deschide
Și veți cunoaște-ntr-însul extazul infinit.
Iar cetele, stufoase de tirse și nebride,
Vă vor purta pe-ntinse nisipuri și dumbrăvi
Veți colinda prundișuri fierbinți, veți trece ape
Și munți pentru-a vă pierde în negrâite slăvi...
V-o spun: Dăruitorul Beției a aproape!
Dar ascultați cum crește ascuns sub orizon
Tumultul surd de glasuri mereu mai tunătoare,
Se clatină în tremur al înâlțimii tron;
Și iat-o, înspumată, sălbateca splendoare.
O! Nesfârșită hoardă și hohotul sonor!
Un viu puhoi coboară colinele Heladei,
Un clocot peste care strident, străbătător,
Vibrează-nfricoșata chemare a Menadei.
„El, El aprinsa torță al cărei scrum sunteți,
În vinul desfătării, aleargă să vă scalde,
În vinul viu și tare al noii sale vieți...
Mulțimi prinse-n vâltoarea efluviilor calde
O, voi înfiorate noroade, la pământ!
Zdrobiți centura ființei, topiți-vă cu glia;
Iar peste lutul umed și trupul vostru frânt,
Enorm și furtunatec să freamăte Orgia!"""
George Bacovia,Nietzsche,"Războinic dur și aprig cuceritor de zări,
Să fi-ntreprins asaltul temutelor portale
Purtând înfrigurată mândria forței tale
Mai sus și mai departe spre noi evaluări,
Să fi străpuns penumbra letargică și ceața
Ce împleteau pe norme un neguros Dedal
Ca, adâncind cu groază abisul numenal,
În seara biruinții să-ntrezărești cum Vieața
Se-ntoarce somnoroasă, în ciclul ei steril,
Sub fard și mască, mimma unei absurde arte...
Și totuși deasupra rotirilor deșarte
Făuritor de sensuri, să te ridici viril;
Și, beat de aderare activă și adâncă.
- Aplauze unite în searbădul decorsmulgând ardorii tale cuvântul creator,
Eternei reîntoarceri a Vietii să-l chemi: „Încă!"""
George Bacovia,Pytagora,"În calmul multor zile de drumuri lungi pe mare
Spre sânul adâncimii fluide am privit;
Iar ochiul meu lăuntric e încă năpădit
De-a umbrei și-a culorii bogată-amalgamare:
Când repezi, când sticloase și umede și rare,
În orbul mării limpezi - tezaur negrăitrăsfrângeri fără număr, pe rând au oglindit
Multipla aparență și vecinica schimbare.
Dar mai apoi Crotona, cu zidul dorian,
M-au despărțit de-a pururi de glaucul noian...
O, Ion... Duhul Spartei încruntă strâmta zare;
Și sus, prin golul nopții - mai trist și mai severcetatea siderală în stricta-l descărnare
Își dezvelește-n număr vertebra ei de fier..."
George Bacovia,Peisagiu retrospectiv,"O, desfrunzirile din urmă!
Te uită, vastele păduri
Stau veștede sub greaua turmă
Pe nori haotici și obscuri,
Te uită, soli ai crustei albe
Ce-o să se-așeze, de pe-acum
În dantelări de fine salbe,
Pe tufă umedă, pe drum.
Un cinic puf au nins scaieții...
Și totuși, iată-mă venit
În fața toamnei și-a tristeții
Cu gândul iarăși ispitit,
De-avântul surd care destinde
Tot mai departe largu-l zbor
Deasupra zărilor murinde,
A sumbrei văi, a tuturor.

De-a lungul tristelor răzoare
Pe care vântul grămădi
Atâtea crengi rătăcitoare
Mângâietoare vei veni
Din golul toamnei vei renaște
Iubirii mele, vis fugar,
Și însetatul va cunoaște
Beția vinului tău rar?
Vei fi atunci Izbăvitoarea?
Deși umbrit de-un mort trecut,
Îmi vei aduce totuși floarea
Neprihănitului sărut?

Și-n pacea-ntinderii, cuvântul
Pe-atâtea buze bănuit.
Dar iar intrat în noapte, sfântul
Cuvânt va fi, va fi rostit?

Miraj fluid, formă fugară,
Străbate surele poteci
Șerpuitoare și coboară
În toamna vânturilor reci.
Dorința mea îți va aprinde
Ardori ce nu se pot grăi
Și-n ciuda umbrei ce se-ntinde
Ne vom iubi, ne vom iubi,
Până când anii vor așterne,
În colb mărunt, argintul lor;
Până când, greu de ierni eterne,
Slăvitul prinț al orelor,
Va obosi să mai adaste
Ivirea ultimilor sloi
Și bolta nopții sale vaste
Va-ncovoia și peste noi."
George Bacovia,Fulgii,"Cad fulgii șovăielnici în stoluri fără număr,
Din nevăzute carne ei cad pe albul umăr
Al dealurilor prinse de-o crustă argintie.
Oștiri de nori aleargă...
- Ce surdă simpatie,
Nori turburi, nori metalici, spre voi întins mă poartă?
Ați prefăcut în domuri de-argint natura moartă
Și-ați pus în peisagiu can nou fior de viață,
Voi blocuri mohorâte, convoi de-obscură ceață!...
Tot plumbul meu din suflet, o forme călătoare,
Cu voi să se topească în gânduri de ninsoare,
Căci iată, vine vremea când albe, împietrite,
Pe gând descăleca-vor zăpezi neprihănite...
Cad fulgii șovăielnici, așa cum în poveste
Cad stropi de piatră scumpă, ușor și leneș, peste
Un strălucit războinic, cuprins de-o vraje-adâncă.
- Asemenea câmpiei, sub cerul vânăt încă,
Ținuturi ale minții, lăsați să vă-mpresoare,
Lăsați să cadă-ntruna din neaua altui soare,
Ce veșnic brațul ritmic al timpului aruncă...
Cad flori de-argint, de spumă pe lunca-n sărbătoare,
Și vânturi potolite întinsurile-alintă,
Și fluturi albi s-adună în pâlcuri orbitoare,
- O, suflete, ca lunca te-mbracă-n hiacintă..."
George Bacovia,Cucerire,"De-a lungul nepăsării acestei reci naturi,
Spre nevăzutul unde arpegii de fanfare
Desfac în foi sonore o limpede chemare
Vom merge în armură de fier, încinși și duri.
Ca nu cumva sub dârza trufie ostășească
Să se adune umbra sau plumbul unui nor,
Vom încrusta viziunii aprinsul Kohinor
Și vom lăsa ca ochiul de foc să ne orbească;
Un somn năuc ne-o duce pe drumul mort, îngust,
Dar ființa noastră pură desprinsă de gândire
Va asculta cum sparge a orei îngrădire,
Cum urcă din adâncuri un mare imn august.
Și-ntregi în trâmbițarea de dincolo de vreme
Și năzuind înalte și albe biruinți
Ne vom zvârli prin larma asaltelor fierbinți
Mai sus de noi... în largul destinelor supreme..."
George Bacovia,Luntrea,"Teorbele sonore și cântecele toate
Au adormit în burgul târziei noastre nunți;
Și în stăruitorul declin, chiar tu renunți
Să întârzii pe culmea posomorâtă. Poate
El doar să mai rămână... el, somptuosul crin
Al formei care urcă și se desprinde, parcă.
De malul apei unde tot gândul tău se-mbarcă
Îndurerat, nesigur și silnic Lohengrin...
Sfielnic gând, tu nu vezi cum luntrea frământată
Și lebăda grăbită spre sfintele păduri
Vor să-mplinești porunca? Dar încă nu te-nduri
Și lași ținutul veșted al nunții de-altădată!
Zorește, iar pe faldul ușor de hiacint
Îmbracă-ntâi armura și vechea ta mândrie
Se-nalță spre uitatul regat, ce te îmbie,
Statura ta turnată în luminos argint.
Vei trece... Marii codri fremătători de plângeri,
Înfiorați de câte-un romantic hallali,
Își vor bolti frunzișul; o clipă vor cocli
Și coif și scut, în jocul virilelor răsfrângeri;
Zori neasemuite, apusuri de castele
Aprinse, sub metalul curat s-or oglindi
Iar străvezia noapte va crește și rodi
Prin apele armurii răsade-ntregi de stele,
Fugarnic sfânt, tu lasă ca fluviul să te poarte.
Dar dincolo de luntrea îngustă nu privi,
Căci apa-ți va trimite și va întipări,
Întunecată, fața iubirii voastre moarte!"
George Bacovia,Solie,"Undire infinită, lăuntricul fior
Când Verbul, prăbușire năprasnică de tunet
În inimi și în lucruri vibra dominator...
Nebănuitul vuiet...
- Păstrezi vreun răsunet
Tu, suflet prins de-o vrajă pe-al humei căpătâi,
Vreun crâmpei din vâlva ce, neîncăpătoare,
Cutreiera hiatul adâncii nopți dintâi?
E mult de când ecoul vestirii-n tine moare,
De când, rigide ghețuri te-nlănțuie-mprejur;
De când, un cer de neguri și-a prăvălit tavanul
Pe-al zidurilor muced și colțuros contur.
Nămeți și nori apasă...
Dar, deslușind colanul
De piscuri sfidătoare, privește, am venit...
Am coborât să-ți sprijin truditul pas de frate
Ca, de pe-nalte praguri, s-asculte nengrădit
Prelunga nechezare a lumei fecundate...
- Tu nu știi încă?
Imnul tumulturilor vii
Nici zid și nici tenebră nu poate să-l sufoce
La poarta zăvorâtă grăbește-te să vii:
Vei desluși și astăzi, în larguri, marea voce"
George Bacovia,Când va veni declinul,"Cu mâini învinețite de umblet lung prin ger
Voi reintra în mine când va veni declinul;
Voi coborî să caut, pierdută-ntr-un ungher,
Firida unde arde cu foc nestins Divinul.
Și flăcării voi spune: Fior al caldei firi,
Joc viu ori șovăielnic de galbenă maramă,
Vibrare necurmată, zigzag de pâlpâiri,
Ușoară și fierbinte văpaie, te destramă;
Redă nemărginirii fugarul tău mister...
Mereu mai străvezie, mereu mai necuprinsă
Prin sure și înalte pustiuri de eter
Desfășură pe hăuri o horbotă aprinsă.
Deasupra ta, deasupra haoticului drum,
Cupolele nocturne te-or strejui hieratic;
Iar tu vei fi parfumul lunecător de-acum
Pe-a lumilor întinsă tipsie de jeratic.
Curând, sub faldul umbrei, nu vei mai desluși
Nici recea Astartee, nici încruntata Gee...
Doar spuza sidefată în depărtare, și
În preajmă, goana unor năluci opiacee.
Vulturi de flăcări, aștrii spre tine s-or purta.
Vâslirii lor solemne deschide-atunci ferestre
Și bea din plin vârtejul stârnit în preajma ta
Cum altădată, boarea pădurilor terestre.
Respiră, crești mai vastă... în plasma unde doar
O singură năvală de năzuinți se-aprinde,
Asemeni unui mare și lacom protozoar
Înmugurindu-ți brațe, în noapte le întinde.
Al tău, al tău, cuprinsul Întregului dintâi,
Din negura-Andromedii la sorii din Centaur,
Stăpânitoare, soarbe tot cerul și rămâi
Prin marea de funingini năvodul plin cu aur."
George Bacovia,Râul,"Din culmea unde mai presus de nor,
Doar gheața își sculptează diamantul,
Te prăvăleai, gigant clocotitor,
Cât zarea-ntins, haotic ca neantul.
În jurul tău, frânturi de stâncă, lut,
Cadavre ale florei uriașe
Monumentau un nenturnat trecut...
Și nicăieri în goana pătimașe
Reflexul liniștit nu locuia
Cu lumea lui năvalnicele ape...
Dar anii au trecut... Din matca ta,
Prea strâmtă-atunci, ai dispărut aproape.
Oglindă călătoare, cer mobil,
Te-ai încadrat într-o ușoară spumă
Și-ți porți acum cristalul tău steril
Spre-a mărilor îndepărtată brumă.
Dar murmurul, acord eternizat,
Neîncetat mărirea ta o plânge;
Și-ntregul tău trecut, pietrificat,
În unda potolită se răsfrânge."
George Bacovia,Umanizare,"Castelul tău de gheață l-am cunoscut, Gândire:
Sub tristele-l arcade mult timp am rătăcit,
De noi răsfrângeri dornic, dar nici o oglindire
În stinsele cristale ce-ascunzi, nu mi-a vorbit;
Am părăsit în urmă grandoarea to polară
Și-am mers, și-am mers spre caldul pământ de miazăzi,
Și sub un pâlc de arbori stufoși, în fapt de seară,
Cărarea mea, surprinsă de umbră, se opri.
Sub acel pâlc de arbori sălbateci, în amurg
Mi-ai apărut - sub chipuri necunoscute mie,
Cum nu erai acolo, în frigurosul burg,
Tu, muzică a formei în zbor, Euritmie!
Sub înfloriții arbori, sub ochiul meu uimit,
Te-ai resorbit în sunet, în linie, culoare,
Te-ai revărsat în lucruri, cum în eternul mit
Se revărsa divinul în luturi pieritoare.
O, cum întregul suflet al meu ar fi voit
Cu cercul undei tale prelungi să se dilate,
Să spintece văzduhul și - larg și înmiitsă simtă că vibrează în lumi nenumărate...
Și-n acest fapt de seară, uitându-mă spre Nord,
În ceasul când penumbra la orizont descrește,
Iar seara întârzie un somnolent acord,
Mi s-a părut că domul de gheață se topește."
George Bacovia,Înfrîngere,"Ca fruntea mea să poarte diademul
Ce fulgeră-n albastrele palate
Am ridicat oștiri nenumărate
Și-ncrezător, dezlănțuit blestemul.
Dezlănțuii mulțimile-ntrunite
Și năpădită fu întreaga zare
Iar vremea prinse-ncet să desfășoare
Fuiorul ei de ore nesfârșite...
Mult timp, în pragul porții opaline,
Am stat s-aștept heraldul biruinții,
Am stat să-ntreb cuprinderile minții
De crainicul trimis, ce nu mai vine.
Nu vine, căci spre culmile-nghețate
Oștirile n-au vrut să se îndrume,
N-au mai dorit podoaba fără nume
Și n-au găsit albastrele palate.
Oștirile se-ntorc. În juru-mi zborul
Și umbra morții darnic se împarte;
Pe când, prin doliul sălilor deșarte
Cu pași sonori pătrunde-Învingătorul..."
George Bacovia,În ceață...,"Murea prin seară strada și zilnicul ei muget...
Asemeni unei râncezi îngrămădiri de seu.
Un nor se prăvălise pe streșini - iar pe cuget
O bură de-nnoptate tristeți cădea mereu.
Se-amestecase ceața din noi cu cea din slavă...
Și, silnici, pașii noștri trezeau - o cât de rar! -
Ecouri fără nume, prin liniște buhavă
Din acel trist și umed sfârșit de Făurar.
Intrasem în penumbra stăpânitoarei unde
Strivite-n vrăjmășia puterilor din jur,
Nici sufletele noastre nu-și mai puteau răspunde
Iar vorbele șoptite loveau greoi și dur.
Hordii întregi de duhuri, lungi stoluri de destine
Își împleteau în preajmă înfricoșatul rit:
Căci blestemul căzuse... În gândul meu și-n Tine
Biruitor pustiul scurma... Și ne-am oprit
Să cercetăm o clipă răspântia și bruma
Și-am stat, și-am stat sub neguri, de asprul țărm legați:
Doi arbori singuratici și desfrunziti de-acuma,
Pe unda nenturnată a orei înclinați.

Ne prăbușeam... Când iată că, înclinând privirea
Acolo, jos, pe crusta de caldarâm și lut,
Zărirăm două umbre unite: contopirea
Sălbatecă, informă, a marelui Sărut.
Păreau a nu cunoaște nici piedici nici osândă.
Zăgazuri pământene n-aveau... Alt Demiurg
Le stăpânea, desigur, cu-o pravilă mai blândă
Făptura lor ciudată și vecinicul amurg.
O, simplă înfrățire, pătrunderea for oarbă...! 
- Când, când, interioarele mări vor izbuti
Ca ele să se-mbine ca ele să se soarbă?
Când învelită-n caldul sărut, to vei topi v
O, spune-mi: deși drumul a astăzi sulf și zgură,
Din depărtatul șipot îmi va fi dat să beau?
- Și-om prelungi povestea, ce-n lumea lor obscură
Imaginile noastre de umbră, începeau...?"
George Bacovia,Driada,"Eu îl priveam prin geamul vărgat de lujeri, vara,
Ori scris de colții iernii cu sterpe flori de ger,
Cum pe tipsia luncii, biet arbore stingher
Își frânge vreascul veșted sau clatină povara,
Dar pârtia sticloasă mi se părea înceată;
Iar calea însorită, prea lungă pân' la el.
Și-am stat să-nnod întruna - inel lângă ineldin sfoară, mreji; și vârșii, din salcie tăiată.
Și totuși cât de dornic eram să-l fiu aproape
Să-nclin spre el urechea trudindu-mă să prind
Ce hohotiri trufașe îl pleacă și-l destind
Când viforul în trâmbe de-omăt vrea să-l îngroape
Dar, uite, munci de iarnă te leagă de colibă
Și nu-ți dau timp s-adulmeci nici aerul de-afar'ă
- Necum s-alergi pe drumuri, când viforul hoinar:
Te-nșfacă dârz și zloata sumanul îți îmbibă.
Lăsai să treacă gerul; apoi, un lung pomelnic
De zile înmoinate când fiecare sloi
E-o lâncedă clepsidră; când neguri grele, ploi,
Dospesc încet pământul călâi, dar feciorelnic.
Un strat lăptos de aburi mai stărui pe zare...
Dar într-o zi se rupse și prin spărturi văzui
Copacul despletindu-și în coame și frunzare
Tot aurul lui verde și toată floarea lui.
Orbit, plecat minunii, mi-am spus: să nu mai pregeți!
El numai pentru tine și-a pus un alt vestmânt,
Zorește spre belșugul miresmei și alege-ți
Pat neted în plocadul de ierburi și pământ.

Așa am pus deoparte și munca migăloasă,
Și trândăvia iernii și grijile de ieri.
Ca singur, în șoptirea născândei adieri
S-o iau pe cărăruia de humă lunecoasă.
Curând în miezul luncii, un neștiut fior
Simtii urcând prin lucruri spre ființa mai deplină,
Din jgheabul pietrii.
- N lujer, din brazdă, în tulpină:
Nestânjenitul vieții fior biruitor.
Cursese pretutindeni... Și-acum albeau privirii
Ciorchine de potire și pături moi de puf,
Și nu știu ce amestec de-arome și zăduf
Topea orice făptură în marea nuntă-a firii.
Plămade răzlețite în nouri mici de vată
Se prelingeau de-a lungul plăpândului țesut
Iar rodnicia florii sorbea, cutremurată,
Și-n somn prelung un umed, străbătător sărut.
Din cupele tivite ori zdrențuite-n spume,
Din rodul în dospire se desfăcea trândav,
Un vis de desfătare, un vis sătul și grav
De lucruri presimțite abia, dar fără nume.
Încât, cu pași nesiguri, cu trupul dus agale
Și mintea stătătoare ca undele în iaz,
Într-un târziu, când ziua trecuse de amiaz
Împovărat de simțuri, mult istovit de tale,
Mă pomenii în fața stingherului din luncă,
Sălbatecului arbor întrezărit prin geam.
Părea trudit și vârstnic... Un noduros mărgean
Încununat cu alge, un trup răpus de muncă,
Un trunchi cu prăpădite crăci vechi ce stau să pic
Din care ramuri hâde - năprasnici șerpi lemnoși
Zbucnesc, ca sus în baia albastră să despice
Limbi verzi, șuierătoare, prin dinții veninoși.

Dar peste ochi și cuget căzu o deasă sită.
Mă tolănii în voie pe caldul gliei sân
Și îmi lipii obrazul și tâmpla obosită
De scorojita coajă a trunchiului bătrân.
L-am alipit. Când, pâcla de gânduri și simțiri
Se lămuri deodată în limpezi închegări.
Un văl purta deasupra. Din plasa lui subțire
Cădea aromitoare năpada de visări,
Se prelingea o rouă de umede mărgele
Pe frunte... Pe tulpină, rășine moi și vii...
Când iată că din tufe, mlădițe și nuiele,
Înfiorând tot trunchiul, un vălmășag de mii
De freamăte ridică, se-mparte-n ramuri, crește...
Încet, încet, pe scoarță ghiceam cum se ivește
Ierbos și încă umed un strai sărbătoresc;
Cum mai adânc, sub blana de mușchiuri unduiesc
Nelămuriri de cărnuri, cum se răsfiră vine,
Cum toată viața aspră, sălbatecă din lunci
Se-adună, se strecoară prin rădăcini și vine
Ca laptele-n gâtlejul nesățios de prunci.
Miresme calde, lâncezi se revărsau, cascadă,
De sus, din ce păruse a fi frunzișul lui...
- Atunci, silindu-mi ochii să suie și să vadă
Zării, râzând sub maldăr de foi și păr gălbui -
În loc de arbor, însăși străvechea lui Driadă...
Iar i-am închis... Și iarăși dorințele născânde
Din zacerile turburi îmi năvăleau, tumult;
Vroii să scap, dar brațe lunecătoare, blânde
M-au strâns și mai aproape și m-au lipit mai mult."
George Bacovia,Ixion,"La mesele Olimpului, Ixion, sărbătoritul, zămisli poftă vinovată pentru Junon.
Dar Nephele închipui o Junon de umbră din norii care împrejmuiesc locașul zeiței.
Ixion îmbrățișă doar norul.
La veșnice ospețe, din vârful pururi nins
Tot gândul meu netrebnic, regină-Olimpiană,
Urca să-ți împresoare grumazul neatins
Cu vrejurile-l ude și reci de buruiană.
Sonor vuia văzduhul în râsul uriaș
Și aburea prin cupe belșug de ambrozie
Pe când nelegiuirea tot căuta făgaș
Și-n preajma formei tale cerca să întârzie.
O! Hiperboreenii râdeau, râdeau mereu...
Iar ochiul meu mai tare se ascuțea să vadă
Și sfredelea mai aprig în surul minereu
De nouri ce-ți ascunde filonul de zăpadă.
Fier stins păreî alături scânteietorul plai
Și searbădă a zării lumină rubinie
Când prin împăturarea de neguri străvedeai
Regească și senină și amplă armonie.
Cum, cel ce simte gândul ascuns, nu se temea
Să-mi pună dinainte atâta strălucire
Și nu vedea mii suliți înfipte-n carnea mea
Cum asmuțeau întruna spre tine, nălucire...!
Deci am gonit... o goană ce nu s-a mai oprit
Decât când brațul ager zvâcni să te cuprindă
Când strângerea te frânse, iar ochiul pironit
Se adânci în vasta orbitelor oglindă.
De atunci, țeasta prinsă în chiciură și zguri
Pe trepte de vertebre pătrunde-o noapte groasă.
Tipsia luminoasă a gândului de guri
Și dalte scrâșnitoare în zimți mărunți a roasă.
Iar harurile Celei Râvinte-mi iată-le...
Un vânt le răzlețește în zdrențe lungi de ceață,
Și somnul suie-n creștet... căci numai Nephele
Mi-a dăruit sărutul temut, care îngheață."
George Bacovia,Răsărit,"Când cumpăna ridică-n zenit pironul clar
Pe chipul nopții trece un gând pieziș de ură
Se scutură întreaga ei grea pieptănătură:
O urnă sub risipa vârtejului fugar.
Și dintr-al lunii rece, fierăstruit pătrar,
Belșug de fire scapă, în iederă obscură,
Pe dâmbul zării unde tânjește în armură
Scăpărător de raze, războinicul solar.
Dar podidit de valul de păr și flori lactee
Cu lung fior truditul din vraje se descheie,
Greoi, zvâcnind în salturi metalicul său trup.
De pletele surpate și dinți și mâini anină
Și-adânc, la rădăcina fibrosului șurub,
Împlântă-n țeasta nopții pumnale de lumină."
George Bacovia,Ultimul centaur,"Din Soarele îmbrățișat de Nour...
În ziua lui din urmă zori, din loc în loc,
Năuc... Dar mai spre seară desfășură deodată
Pe asfințitul verde, cu lespedea mâncată,
Regescul vas de gânduri crescut în dobitoc.
Tăriile topiră nepotrivitul bloc...
Târziu, spre geruri albe, o carne înnorată
Porni, în melc de abur, pe când dezgrădinată
Se lămurea din noapte o inimă de foc.
Statornic gâde, Umbra, mâner masiv și dâre,
Căzu peste jeratec cu grelele satâre
Și luminosul bulgăr îl despică, felii.
Pământul ațipise. Răzleț, nici un centaur,
Dar de nestinsul ropot al clarei herghelii
În zăcăminte sună filoanele-l de aur."
George Bacovia,Măcel,"Înghemuiți sub brâul acestui dâmb de cridă
Am ascultat o noapte și-o zi, pe vânt adus,
Roitul săgetării, cu zbârnâiri de fus,
De-acolo, din câmpia văroasă și aridă.
Un soare fără spițe de raze, spre apus,
Părea un ochi cu fiere umplut și cu obidă;
O brâncă înnorată luptă să ni-l închidă.
Apoi, tihnita noapte a muls opal de sus.
În trânta pătimașe, în strângerea virilă,
S-au frământat oțeluri ca așchii de șindrilă,
Și lupta geme încă sub aburii lăsați.
Iar sus urcând, movilă, prin negurile plate,
Morți goi ce-n sfori de sânge stau cobză înnodați
Se-ntorc la orbul lunii căscând din beregate."
George Bacovia,Gest,"Toiagul vechi, pe care l-a ciuruit, l-a ros
Și cariul și custurea, ți-l trec de-acum.
Ca mine vei ispiti, la rându-ți, temutele destine
Urcând și tu sub cerul de fier și chinoros.
Te-așteaptă mohorârea pustiului pietros!
Nu șovăi, străbate-o... 
Și când - diamantine pădurile de ghețuri se vor ivi pe cline,
Încrezător, azvârlă ciomagul de prisos:
Din povârniș, în steiuri; din stânci, în văgăune
Izbit de lespezi, ciotul va face să răsune
Cu lung și mare vuiet tot hăul de granit.
Dar sus, sub îngânata lumină-abia născândă,
Lăsând să scape râsul din pieptul tău sporit,
Acopere căderea cu hohot de izbândă."
George Bacovia,Hierofantul,"În rândurile celor ce s-au bătut sub Miltiade coborâse și preotul din Eleusis
Portalele trufașe, sfruntând venirea lor,
Răsfrâng mânii de bronzuri sub tremurul luminii
Pe templul ars, pe cerul topit al Salaminii,
Un fum gălbui înnoadă prelung, ca un fuior.
Am azvârlit cununa, am desfăcut herminii
Bogatele-l podoabe de fir. Drept sfânt odor:
O lance, iar în dreapta un gladiu lucitor...
Aici, în glia greacă ce-și poartă dârz măslinii.
Soldat al Demeterei mă voi sădi adânc,
Ca, mâine, când iscoade plecate pe oblânc
Vor ispiti desișul de sulițe și flamuri,
Să scapete persanii, pierind sub orizon!
Vor fi zărit, hieratic, cu fulgere drept ramuri:
Un trunchi bătrân de dafin înfipt la Maraton."
George Bacovia,Cercelul lui Miss,"Cățelei mele
Cineva, închis în stupul dintre pruni, aruncă pietre...
Dar cu-atâta vrăjmășie că nu poți să faci sport:
Ele trec și gard și ziduri, până dincolo de șetre
Unde ziua umflă-n vânturi mătăsoase foi de cort.
Da, e rece primăvara și golașe frunzătura,
Însă greii bobi ai toamnei nu mai vor să doarmă-nchiși
Stupul sfredelit de soare își deșartă-ncărcătura:
Jir și aur cad, în ciur, la buzatul urdiniș.
- Împletire somnoroasă de miresme și albine!
Prin cămări ascunse parcă s-a vărsat puiac de fragi...
Vântul curge... Sub pleoape aburesc vedenii dragi...
Latri... luneci... Pe sub fulgii somnului to pierzi de-a bine
Și pe rând, în gămălia ta de minte, prinsă-n vis,
Vin să-noate ca-într-o piatră lăcrimată: lunca, fânul,
Malul apelor și clipa jinduită când stăpânul
Vreo nuia zvârlind pe gârlă te asmute: „Ad-o, Miss"".
Tânără, ca altădată, coapsa ta în coardă vine:
Laba scormone mormântul vreunei cârtițe de soi;
După coada retezată dai târcoale, roate pline;
Bali prundișul, spinteci unda, intri toată în noroi!
Și ce lucruri minunate! Sălcii, slujnice netoate,
Au pitit prin scorburi multe pâini de iască și lipii.
Tu te-agăți, întins, pe trunchi, scotocești în sân la toate,
Mlădioasă: șoldul fraged încă n-a purtat copii.
Zbârnâit de piatră, însă, vâjâia... Nici gând să tacă...
Din ce praștie scăpată stăruiește în auz?
Silnic, ochi deschizi la soare și-n văzduh zărești buimacă
Urâciunea cu aripe prăfuite, de sacâz.
Un zigzag mai mult - și tihna însorită ți se curmă
Cherlăi scurt, îți clatini capul, laba scarpină mereu:
Blestemata de albină solul toamnelor din urmă,
Ți-a împuns urechea neagră cu-un cercel de-aramă, greu."
George Bacovia,Selim,"El a venit când, singur și mic, în pragul ușii,
Îmi răcoream la vântul de-amurg obrazul-jar;
Când - ghindă cafenie - picau jos cărăbușii,
Când era zarea frunză uscată de stejar.
Cu țâțe tăvălite-n funinginea din slavă,
Tot mai aproape norii - ei mă-nțărcau întâi;
În somn plângeam să-mi șteargă priveliștea hârlavă
Și piroteam pe prispă cu pragul căpătâi.
Dar fete mai lățoase, mai corporate, turmă
Nășteau sub arc de gene și se prindeau în șir
La hora dezmățată a spaimei, ce se curmă
Târziu, când mâini de lună presară tibișir...
Și haimana și pururi încăierat cu vântul:
Din târg, în mahalale; din Schei, în vreun cătun,
Un strigăt de-nserare își trăgăna cuvântul
Ca o manea de moale și larg: „Hai, bragă bun!""
Hazliu și larg, ca turul ce-l vântură șalvarii,
Așa sporea un strigăt. Și iacă: ochi gălbui
Printre uluci, în umbră, rotiră icusarii.
(Amestecul și aspru și blând, din ochii lui!)
Săgețile poruncii zvâcneau în puf de rugă.
Să nu urmez chemării adânci aș fi putut?
La namila din poartă m-am năpustit, în fugă,
Obrajii să mi-l sprijin pe palmele-l de lut.
- Giugiuc, mi-a zis, iar ochii priviră mai cruciș.
De mint n-a fost la turcul atât aliș-veliș...
Zi darnică, de lapte și miere, aferim!
- Hai, ia ce vrei din coșul lui Haivada Selim.""
Și trase mucavaua panerului turtit
Ca sculele-n sipeturi, așa mi-ați răsărit,
Alvițe rumenite, minuni de acadele
Sticloase - numai tremur, văpăi și ape - ca
Ocheanele de limpezi, de mici, la fel de grele...
O rază prăfuită prin toate furnica.
Și dârdâind sub brumă și colții de migdale
Rahatul părea urmă de-nghet, după topit.
Un candel cât o nucă, prin perne de halvale,
Dormea-n trandafiriul lui șters și aburit.
(Răsfrângeri vechi... Cuvântul nencăpător nu poate
Să zică iazul verde ce-mi tremurați și-acum...
Biet turc legat de biete cleștare...) Dintre toate,
El candelul mi-alese, apoi, adus a drum,
Porni mânat de seară și înghițit de tale,
Târând opinca-ntoarsă și creață, fără spor,
Cădelnițând din coșul cu dulci zaharicale,
Din donița-nflorită lovită de picior...
Acolo... noapte, uliți și vaguri suburbane
Topiră pe-ndelete năluca lui Selim.
În candel, pânza lunii se răsuci - turbane
Și-o stea ilic de umbră cusu, cu ibrișim."
George Bacovia,Convertire,"Unei femei din Nord
Prin ce-nnodate drumuri, pornind, la ce răscruce
Începe noaptea noastră să curgă, nu mai știu.
Văd doar la geamuri fuga trăsurii ce ne duce,
C-un sac de somn pe capră: ghebosul vizitiu.
În limba țării tale mă necăjeam a spune
Că ești supremul bine, înaltul meu regat,
Că nu cuprinde altă dulceață și minune
Orașul-zmeu, orașul țestos și ferecat.
Cu ochi în jumătate, ce vor să spună: hai!
Priveai la omul oacheș venit din Valahai;
Cu ochi pe jumătate, căci nu tineai să-l măsuri
Întâia mea cucoană de voaluri și mătăsuri!
Pe crengi de vis, doi umezi de muguri: ochii tăi
Se deschideau în floare, când lampe din odăi
Burau lumină scumpă la geamul de trăsură,
Cu foarte mare frică te-am sărutat pe gură.
Și te-am rugat cu ciudă, de mila mea plângând
Să uiți de stângăcia băiatului ce sunt.
Că eu visez... cum pruncul flămând la sân, la maică
De carnea ta curată și albă, de nemțoaică.
Mai rară ca răcoarea în luna lui Cuptor,
Mi-ai lunecat în brațe, ai desfăcut fuior
Tot părul ca un galben, întins eter de miere...
Și m-ai făcut c-un lucru de preț mai știutor:
Ca două sunt, nu una, femeie și muiere."
George Bacovia,Cântec de rușine,"El știa să-njure bine
Și cântece de rușine.
Anton Pann
Stă un biet țigan turcit
La un cap de pod, pe vine
De toți dracii chinuit.
Și la râu, drumeți, jivine
Cu glas span hodorogit
Cântec zice, de rușine.
Hee... miul biul gee
Miul biure doldu -
Hananâma mu!
La Zornur, pe Ikdar Enghe,
Muri azi o pezevenghe:
Una groasă cu ochi mici,
Crescătoare de pisici.
Scundă, groasă, cu mustăți,
Învechită-n răutăți.
Pezevenghe cu scurteică
Cam grecoaică, cam ovreică.
Pezevenghe cu trei negi
Doftoriță la moșnegi.
- Ce moșnegi betegi și blegi
Că veneau cât prund și iarbă
Și cât praf și fir în barbă
Leacuri de-ale ei să soarbă.
Veneau din Sara turcească
Să mi-l împiciorogească.
Ce mai cârd de iezme goale.
Ea le dă să bea din oale
Și mi-l vindeca de boale.
Hee... miul biul gee
Miul biure doldu
- Hananâma mu!
La Zornur pe Ikdar Enghe
Te căzniră pezevenghe!
Cobză strânsă, cot la cot
Și căluș de păr la bot...
- Prea erai și tu de tot
Că nu to mai stâmpărai
Și umblai și la serai
Și la toate te băgai...
Cu trei alte mai bătrâne
Duceai vorbe la cadâne
Vorbe dulci și leac spurcat
Cum știi tu, de lepădat.
Le-nvățai la băuturi,
La găteli, la văpsituri,
La săltare din dulvuri
Și la alte secături...
Huu... miul biul giu
Miul biure doldu
- Hananâma mu!
La Zornur pe Ikdar Enghe
Gât bătrân de prezevenghe
Sângeră pe lemn de-a latu
Cum l-a retezat gealatu...
Pe nod tare, răzbuzat
Zace gâtul retezat...
Să nu-l vezi pe înserat
Că te bate vântu-n spate
Și duh rău și necurat...
Că vis mort, ursuz te fură
Apă stânsă, râu cu zgură,
Și-n pustia care cură
Numai gâtul... ca o gură
Uriașe, căpcăună.
- Gură bună
S-o dezumfi, de nebună...
Gura strâmbă care sună
Pe-nserat, când îi cășună,
Cu tulumbele la lună.
Sună-adânc, ca de departe
Din tulumbe-vine sparte;
Sună gros a nas de iepe
Limba-l ia cui le pricepe.
Sună lung a cornuri ude
Dă prin osul cui aude
Osul de la lingurea
Unde-ncearcă boala rea.
Și alt vis, mai stins, te fură
Pată ștearsă, pată sură
Ca o față fără sânge
Tristă, inima de-ți strânge.
- Noaptea stinsă-l fața ei
Și pe ea, luceferei,
Cafenii sunt negii trei,
Trei sori morți din altă lume,
Cu păr, raze de cărbune,
Hăt în fund la soare-apune.
Și-nainte, nu mai știu...
Pezevenghe, chip hazliu
Am să-ți vin tot mușteriu.
Pezevenghe, psihi-mu,
Lasă-mă să dorm de-acu.
Huu... miul biul giu
Miul biure doldu
- Hananâma mu!"
George Bacovia,Răsturnica,"Plângeți pentru Adonis -El a murit
Plătit am fost să zic de mort
E mâna stângă grea de-un ori,
Deci să-l întorc cum voi putea
Cântând prohodul pentru ea.
Să plângă fetele și Mama!
Tu, Mire-al-Lnimii, plângi Dama
- Din caldul cuib s-a dus unica
Preoteasă blondă, Răsturnica.
Căci astăzi, zi de harți, la toacă
O vom purta prin smârc, băltoacă
Spre un pământ de hopuri plin
Mai vag ca vagul ei vagin.
Să plângem toți. O toți în cor
Să croncănim un Nevermore.
Dar duhul ei, de-a pururi dus
Să ni-l gândim în cât mai sus.
De cerul fix, de geam curat,
Ea păr cu tâmple și-a răzmat,
Un fard astral i-aprinde fața.
Pe serafini îi trage ața
Și sorii zomăie bănet
Prin Risipitul Proxenet.
Să prohodim și mai afund.
Sunt un duhovnic trist și scund
Ce cântă până-o va-ngropa:
Pa, vu, ga, di, che, zo, ni, pa.
Unicu-mi dascăl, să-l mai caut?
Grăsime neagră l-a-necat
S-a făcut urs și din bârloage
Îmi bate toacă-n două doage.
Oh, fapta secii lui de minți
Cum tună-n piept și dă prin dinți
Din bețe, doage și Nimica
Ce rugă pentru Răsturnica!
Să tune doaga orișicui,
Iar Mama groasă cu pistrui
Îngenuncheată să se roage!
- Hai dați din bețe și din doage
Și tu, întunecat flăcău
Măsea-de-Fier, nene Dulău
Te roagă lângă hodoroage!
- Hai dați din bețe, spargeți doage
Să plângă lemnul ca la strung
Când hohotit, când mai prelung
Din bete, doage și Nimica
Ieși, cântec pentru Răsturnica.
Vii lumânări, burați polen!
E cimitirul un desen
Cu linii supte, slăbănoage
Frânturi de bețe și de doage.
Oh, nu-mi clintiți Regina Mab
Să nu se surpe trupu-l slab
Și dați vin galben la miloage
Nu din păhar, din scob de doage
Oh, pentru Ea găsiți un dric,
Un dric mai mic ca un ibric
Și potriviți două mârțoage
Acum, la strung, din lemn de doage...
Să plângă lemnul pus pe strung
Când hohotit, când mai prelung
Căci două bețe, seci oloage
Ard potolit în patru doage."
George Bacovia,Maria spring,"Cu altul pe o bancă bătută la un nuc,
De țigle arse târgul roșea până departe;
O toamnă despuiată, un vânt de balamuc
Se călăreau la vale pe ierburi multe, moarte.
Și cel căzut cu capul în pălmi, pe vis năuc,
De-atâta lâncezire scăpase un trabuc,
Muc desfoiat și umed la capătul subțire:
Din sufletul acelei amiezi de-ngălbenire.
Lumina îndoită părea cu-un fel de apă;
A drum, locomotive fumau dintr-o supapă;
Era la ora albă, când nu știai să zici
De-l patru, două numai, ori a trecut de cinci.
Perechi duminicale de Else și de Hans
Suiau la hanul mare, din deal, unde e dans,
Un han cu nume dublu, nu știu să-l mai țin minte,
Cu vaci și servitoare și duh de-ngrășăminte.
Cum Else foarte multe de Hanși răzmate-agale
Visau, mă cercetară dulci planuri conjugate.
Pe aburii aleei, la nucul melancolic,
Idila ancorată se închega bucolic.
- Dar, Toamnă! Bărbăția cea dreaptă nu e dată
În sine să se toarcă, sucită și uscată?
Ca frunza podidită din creștetul de nuc
În pălmi, în pălărie, pe umeri, pe surtuc."""
George Bacovia,Înșurupare în maelstrom,"Câștigate pulsuri, câmp de săbii.
Tencuirii-sclave garanții,
Lege egalând lunula năvii
Tâmplelor de apă ce reții;
Aule, exalte stări concave
Din răpita climă - Edgar Poe.
Orgi! Și locuind aceste grabe!
Cer induit, străin ca un halou.
- Viol aici dar laudă și ordin
Întâi, când lacunar un gând născu.
O, însăși larva rodului sfânt Odin
Prin fluvialul, falsul fosfor „tu""."
George Bacovia,Regresiv,"Din văi defuncte strig acele patrii
Pășunile reptilei spume-ntâi
Cenușa în orb Nil a Cleopatrei
Ereb, termen de sulf ca un lămâi.
Știu lire cardinale date centre
Acești reci acustici de firizi
Uimiri și mari zăceri adiacente
Genunii adiate pe Atrizi."
George Bacovia,Încleștări,"Ca umbră-n stemă, pe basilici,
O veghie singură să urci
Sub agere oțele silnici:
O Moscovă de cer și furci.
Stea netedă, vigoare-n chiciuri,
Asprime zveltă, imn de biciuri!
Explică stricte-acele glorii
De căngi răspunse din victorii."
George Bacovia,Dedicație,"Falangele acelei oboseli
De alge dezlegate către sud,
A tâmplei umbră din străine seri:
Cu drumul meu, atunci, le-am mai văzut
La Dusseldorf, o cadră-n Bolkenstrasse...
În jilț adânc, Evreul Botezat.
Și mâinile, cascada unei rase,
Înfășurau cărbunele uzat.
„Stinse flăcări. Arsă, struna
S-a lăsat în arcul lirei.
Cartea singură mi-e urna
Cu cenușile iubirii.""
Tu, salt, tu, creșteri stângi, urzică-nalbă!
Acestui scris valah, ca din Sion
Ridici o nevăzut de scumpă nalbă
Și - adiată - boarea altui zvon.
Un cânt de mai argint al palei Nine
Mai greu ca orbul lunii îl socot,
Curând un glas vom fi suind în tine
Cum Heine sună-ntr-însul versul got."
George Bacovia,Protocol al unui club Matei Caragiale,"„Vis al galeșei Floride și-al ostroavelor Antile""
Orchidee! Nu ești însăși arta marelui Matei
Cu a selbelor cădere în corole și mantile
Sau cu Anzii albi, în funduri, ca o moarte de Protei?
- Neajunsă, precum lancea unor iaduri vegetale,
Sub sărutul muștei Mima somptuos ca un manșon,
Locuiește, cetluită, somnurile-l seminale
În o rouă de poleiuri: Rașelica Nachmansohn.
- O! Vegheat din Jilțul Naibei al Pământurilor Nalte,
De atlaz tulip în creștet încheiat cu cap de mort,
„Mult"" poesc, cioplirea unei rare și pierdute dalte,
Pașadia își despoaie înnoptat semețu-l port.
- O! Scuipat de înverzita tuse-a spumelor putride,
Cocoșat pe naufragii, nefirese ca-ntr-un ochean,
Împuind cămara nopții cu oracole stupide,
Gore freamătă-n jiletcă de râios batracian.
- Cântec, lebădă străpunsă, sol al harfelor eline,
Strămutat pe mândre prapuri de năierii tăi vikingi,
Până-adânc în moleșala quintelor manueline,
Alter ego, o! Pantazi, ce Atlanticele-nvingi.
Liniștit rapsod al stelei ninsă-n umbra străvezie.
Răsunând ca din legendă, ca din pânzele dintâi,
Liric pur! Închipuirea te petrece în vecie,
Drept la racla ta de ape cu atolii căpătâi.
„Vis al galeșei Floride și-al ostroavelor Antile"",
Cupă limpede! Ești numai arta marelui Matei.
Inima rămâne-această moartă, între reci feștile
Fumegând pe Curtea-Veche, la pangar, într-un bordei.
Nu străina frumusețe, bunul plat și veresia,
Însă schimnica-mpăcată și făcliile ce ard!
Trupul scade sub velințe, sufletul e în Rusia,
La un orb mormânt de raze, prins în Cavalerul Guard.
- Ce închide orchideea, ced ne sunt acele Indii
Mările Creole unde bântuia piratul Kidd?
Consimțind o plecăciune insulelor biacintii,
Cartea Crailor la fila cea mai turbure-o deschid:
Acolo, ca de cutremur, saltă slova mateină
Sub lucrarea Corcodușei, aspra floare de maidan.
În vis mut gabrovenimea cumpănește în ruină,
Zveltă, surla Judecății, lasă-o umbră pe cadran.
Dreaptă pravilă, dar zumzet de vestiri răsăritene,
Ființa noastră se clădește cu scriptura ta, Matei!
Prim și ultim Caragiali, ca o holdă de antene
Te alegem viu din vântul despletitelor idei.
Iată, arsă-n our roșu și-n a smalțului rigoare,
Slava netedă și rară, stricta glorie, o ții.
Neamurile iau aminte. Și pe Crai va să coboare
Greu, cordonul Sfintei Ana al măreței Împărății."
George Bacovia,Bălcescu trăind,"Leagăn amar, săracii mei Bălcești!
Lut simplu, smăltuit ca și o cană,
Pe Topolog culcat nu mai bocești
Azi inima dintâi republicană
A lui! Căci athanasic au sunat
Mii surle. Lespezi cască. Sar sigilii.
Și peste un făcut, absurd regat
Un palid oaspe calcă, din Sicilii.
O, frate cărvunar, întreg trăiești!
Din moarte ai păstrat doar străvezimea,
Ci în amurgul pajerii crăiești
Cârtește-ntunecat burtăverzimea.
Ai multursuzei tagme, gianabeti
Cu oftica-nțeleși și cu exilul,
Un veac avar te vrură sub peceți,
Și zveltei libertăți suciră trilul.
Ce-nseamnă! Astăzi piatră ești, din unghi,
Republicii Române Populare,
Adeveritul mare singur trunchi:
Bălcescu, început de calendare."
