autor,titlu,text
Lucian Blaga,Eu nu strivesc corola de minuni a lumii,"Eu nu strivesc corola de minuni a lumii
și nu ucid
cu mintea tainele, ce le-ntâlnesc
în calea mea
în flori, în ochi, pe buze ori morminte.
Lumina altora
sugrumă vraja nepătrunsului ascuns
în adâncimi de întuneric,
dar eu,
eu cu lumina mea sporesc a lumii taină --
si-ntocmai cum cu razele ei albe luna
nu micșorează, ci tremurătoare
mărește și mai tare taina nopții,
așa îmbogățesc și eu întunecata zare
cu largi fiori de sfânt mister
și tot ce-i nențeles
se schimbă-n nențelesuri și mai mari
sub ochii mei --
căci eu iubesc
și flori și ochi și buze și morminte."
Lucian Blaga,Lumina,"Lumina ce-o simt
năvălindu-mi în piept când te văd
oare nu e un strop din lumina
creată în ziua dintâi,
din lumina aceea-nsetată adânc de viată?

Nimicul zăcea-n agonie,
când singur plutea-n întuneric și dat-a
un semn Nepătrunsul:
""Să fie lumină!""

O mare
si-un vifor nebun de lumină
făcutu-s-a-n clipă:
o sete era de păcate, de doruri, de-avânturi, de patimi,
o sete de lume si soare.

Dar unde-a pierit orbitoarea
lumină de-atunci -- cine știe?

Lumina ce-o simt năvălindu-mi
în piept când te văd -- minunato,
e poate că ultimul strop
din lumina creată în ziua dintâi."
Lucian Blaga,Vreau să joc!,"O, vreau să joc, cum niciodată n-am jucat!
Să nu se simtă Dumnezeu
în mine
un rob în temniță - încătușat.
Pământule, dă-mi aripi:
săgeată vreau să fiu, să spintec
nemărginirea,
să nu mai văd în preajmă decât cer,
deasupra cer,
și cer sub mine--
și-aprins în valuri de lumină
să joc
străfulgerat de-avânturi nemaipomenite
ca să răsufle liber Dumnezeu în mine,
să nu cârtească:
""Sunt rob în temniță!"""
Lucian Blaga,Pământul,"Pe spate ne-am întins în iarbă: tu și eu.
Văzduh topit ca ceara-n arșița de soare
curgea de-a lungul peste miriști ca un râu.
Tăcere-apăsătoare stăpânea pământul
și-o întrebare mi-a căzut în suflet până-n fund.

N-avea să-mi spună
nimic pământul? Tot pământu-acesta
neîndurător de larg și-ucigător de mut,
nimic?

Ca să-l aud mai bine mi-am lipit
de glii urechea - îndoielnic și supus-
și pe sub glii ți-am auzit
a inimei bătaie zgomotoasă.

Pământul răspundea."
Lucian Blaga,Gorunul,"În limpezi depărtări aud din pieptul unui turn
cum bate ca o inimă un clopot
și-n zvonuri dulci
îmi pare
că stropi de liniște îmi curg prin vine, nu de sânge.
Gorunule din margine de codru,
de ce mă-nvinge
cu aripi moi atâta pace
când zac în umbra ta
și mă dezmierzi cu frunza-ți jucăușă?

O, cine știe? - Poate că
din trunchiul tău îmi vor ciopli
nu peste mult sicriul,
și liniștea
ce voi gusta-o între scândurile lui
o simt pesemne de acum:
o simt cum frunza to mi-o picură în suflet --
si mut
ascult cum crește-n trupul tău sicriul,
sicriul meu,
cu fiecare clipă care trece,
gorunule din margine de codru."
Lucian Blaga,Mugurii,"Un vânt de seară
aprins sărută cerul la apus
și-i scoate ruji de sânge pe obraji.
Trântit în iarbă rup cu dinții --
gândind aiurea -- mugurii
unui vlăstar primăvăratic.

Îmi zic: ""Din rnuguri
amari înfloresc potire grele de nectar""
și cald din temelii tresar
de-amarul tinerelor mete patimi."
Lucian Blaga,Din părul tău,"Înțelepciunea unui mag mi-a povestit odată
de-un văl grin care nu putem străbate cu privirea,
păinjeniș ce-ascunde pretutindeni firea,
de nu vedem nimic din ce-i aievea.

Și-acum, când tu-mi îneci obrajii, ochii
în părul tău,
eu, amețit de valurile-i negre și bogate,
visez
că vălul ce preface în mister
tot largul lurnii e urzit
din părul tău --
și strig,
și strig,
si-ntâia oară simt
întreaga vrajă ce-a cuprins-o magul"
Lucian Blaga,La mare,"Vițe roșii,
vițe verzi sugrumă casele-n lăstari sălbatici
și vânjoși - -asemenea unor polipi ce-și
strâng în brațe prada.
Soarele în răsărit - de sânge-și spală-n mare
lăncile, cu care a ucis în goană noaptea
ca pe-o fiară.
Eu
stau pe țărm și -- sufletul mi-a dus de-acasă.
S-a pierdut pe-o cărăruie-n nesfârșit și nu-și găsește
drumul înapoi."
Lucian Blaga,Noi și pâmântul,"Atâtea stele cad în noaptea asta.
Demonul nopții ține parcă-n mâni pământul
și suflă peste el scântei ca peste-o iască
năprasnic să-l aprindă.
În noaptea asta-n care cad
atâtea stele, tânărul tău trup
de vrăjitoare-mi arde-n brațe
ca-n flacările unui rug.
Nebun,
ca niște limbi de foc eu brațele-mi întind,
ca să-ți topesc zăpada urnerilor goi,
și ca să-ți sorb, flămând să-ți mistui
puterea, sângele, mândria, primăvara, totul.
In zori când ziua va aprinde noaptea,
când scrumul nopții o să piară dus
de-un vânt spre-apus,
în zori de zi aș urea să fim și noi
cenușă,
noi și -- pământul."
Lucian Blaga,Liniște,"Atâta liniște-i în jur de-mi pare că aud,
cum se izbesc de geamuri razele de lună.
În piept
mi s-a trezit un glas străin
și-un cântec cântă-n mine-un dor ce nu-i al meu.
Se spune că strămoși cari au murit fără de vreme,
cu sânge tânăr încă-n vine,
cu patimi mari în sânge,
cu soare viu în patimi,
vin ,
vin să-și trăiască mai departe în noi
viata netrăită.
Atâta liniște-i în jur de-mi pare că aud
cum se izbesc de geamuri razele de lună.

O, cine știe -- suflete,-n ce piept îți vei cânta
și tu odată peste veacuri
pe coarde dulci de liniște,
pe harfă de-ntuneric -- dorul sugrumat
și frânta bucurie de viață? Cine știe? Cine știe?"
Lucian Blaga,Frumoase mâni,"Presimt:
frumoase mâni, cum îmi cuprindeți astăzi cu
căldura voastră capul plin de visuri,
așa îmi veți ținea odată
și urna cu cenușa mea.
Visez:
frumoase mâni, când buze calde-mi vor sufla
în vânt cenușa,
ce-o s-o țineți în pălmi ca-ntr-un potir,
veți fi ca niște flori,
din care boarea-mprăștie -- polenul.

Și plâng:
veți fi încă așa de tinere atunci, frumoase mâni."
Lucian Blaga,Lacrimile,"Când izgonit din cuibul veșniciei
întâiul om
trecea uimit și-ngândurat prin codri ori pe câmpuri,
îl chinuiau mustrându-l
lumina, zarea, norii -- și din orice floare
îl săgeta c-o amintire paradisul --
Și omul cel dintâi, pribeagul, nu știa să plângă.
Odată, istovit de-albastrul prea senin
al primăverii,
cu suflet de copil întâiul om
căzu cu fața-n pulberea pământului:
""Stăpâne, ia-mi vederea,
ori dacă-ți stă-n putință împăinjenește-mi ochii
c-un giulgiu,
să nu mai văd
nici flori, nici cer, nici zâmbetele Evei și nici nori,
căci, vezi -- lumina lor mă doare"".
Și-atuncea Milostivul într-o clipă de-ndurare
îi dete -- lacrimile."
Lucian Blaga,Mi-aștept amurgul,"În bolta înstelată-mi scald privirea--
și știu că și eu port
în suflet stele multe, multe
și căi lactee,
minunile-ntunericului.
Dar nu le văd,
am prea mult soare-n mine
de-aceea nu le văd.
Aștept să îmi apună ziua
și zarea mea pleoapa să-și închidă,
mi-aștept amurgul, noaptea și durerea,
să mi se-ntunece tot cerul
și să răsară-n mine stelele,
stelele mele,
pe care încă niciodată
nu le-am văzut."
Lucian Blaga,Dar munții -- unde-s?,"Din strașina curat-a veșniciei
cad clipele ca picurii de ploaie.
Ascult și sufletul își zice,

Eu am crescut hrănit de taina lumii
și drumul meu îl ține soarta-n palme,
nemărginirea sărutatu-m-a pe frunte
și-n pieptu-mi larg
credința mea o sorb puternică din soare.
Din strașina carat-a veșniciei
cad clipele ca picurii de ploaie.
Ascult si sufletul se-ntreabă:

Dar muntii -- unde-s? Muntii
pe cari să-i mut din cale cu credința mea?
Nu-i văd,
îi vreau, îi strig și -- nu-s!"
Lucian Blaga,Fiorul,"E moartea-atunci la căpătâiul meu?
În miez de noapte,
când luna-și varsă peste mine aiurita ei privire,
când zbor de lilieci
pe fruntea-i de-ntuneric îmi sărută geamul,
simt câteodată un fior
din creștet străbătându-mi trupul,
întocmai ca și cum mâni reci
mi s-ar juca în păr cu degete de gheață.

E moartea-atunci la căpătâiul meu?
Și în lumina lunii
îmi numără ea oare firele cărunte?"
Lucian Blaga,Nu-mi presimți?,"Nu-mi presimți tu nebunia când auzi
cum murmură viața-n mine
ca un izvor
năvalnic într-o peșteră răsunătoare?

Nu-mi presimți văpaia când în brațe
îmi tremuri ca un picur
de roua-îmbrățișat
de raze de lumină?

Nu-mi presimți iubirea când privesc
cu patima-n prăpastia din tine
și-ți zic:
O, niciodata n-am vazut pe Dumnezeu
mai mare!?"
Lucian Blaga,Lumina raiului,"Spre soare râd!
Eu nu-mi am inima în cap,
nici creieri n-am în inimă.
Sunt beat de lume și-s păgân!
Dar oare ar rodi-n ogorul meu
atâta râs făr' de căldura răului?
Și-ar înflori pe buza ta atâta vrajă,
de n-ai fi frământată,
Sfânto,
de voluptatea-ascunsă a păcatului?
Ca un eretic stau pe gânduri și mă-ntreb:
De unde-și are raiul --
lumina?- - Știu: Îl luminează iadul
cu flacările lui !"
Lucian Blaga,Scoica,"C-un zâmbet îndrăzneț privesc în mine
și inima
mi-o prind în mână. Tremurând
îmi strâng comoara la ureche și ascult.
Îmi pare
că țin în mâni o scoică
în care
prelung și neînțeles
răsună zvonul unei mări necunoscute.

O, voi ajunge, voi ajunge
vreodat' pe malul
acelei mări, pe care azi
o simt,
dar nu o văd?"
Lucian Blaga,Trei fețe,"Copilul râde:
""Înțelepciunea și iubirea  mea a jocul!
"" Tânărul cântă:
""Jocul și-nțelepciunea  mea-i iubirea!
"" Bătrânul tace:
""Iubirea și jocul meu e-nțelepciunea!"""
Lucian Blaga,Martie,"Din caier încâlcit de nouri
toarce vântul
fire lungi de ploaie.
Flușturatici fulgi de nea
s-ar așeza-n noroi,
dar cum li-e silă --
se ridică iar
și zboară să-și găsească
cuib pe rarnuri.
Vânt și-i frig --
iar mugurii
prea lacomi de lumină
își zgulesc acum
urechile în guler."
Lucian Blaga,Cresc amintirile,"Într-un amurg, sunt ani de-atunci,mi-am zgâriat
stăruitor
în scoarta unui arbor- - numele --
cu slove mici, stângace și subțiri.
Azi am văzut din întâmplare
cum slovele-au crescut din cale-afară --uriașe.

Așa îți tai și tu copilo numele
în inima-mi supusă
rnărunt, mărunt, ca un ștrengar.
Și după ani
și ani de zile-i vei găsi
cu slove-adânci și uriașe."
Lucian Blaga,Eva,"Când șarpele întinse Evei mărul, îi vorbi
c-un glas ce răsuna
de printre frunze ca un clopoțel de-argint.
Dar s-a-ntâmplat că-i mai șopti apoi
si ceva în ureche
încet, nespus de-ncet,
ceva ce nu se spune în scripturi.

Nici Dumnezeu n-a auzit ce i-a șoptit anume,
cu toate că a ascultat și el.
Și Eva n-a voit s-o spună nici lui
Adam.

De-atunci femeia-ascunde sub pleoape-o taină
și-și mișcă geana parc-ar  zice
că ea știe ceva
ce noi nu știm,
ce nimenea nu știe,
nici Dumnezeu chiar."
Lucian Blaga,Visătorul,"Spânzurat de aer printre ramuri
se frământă în mătasa-i
un paianjen.
Raza lunii
l-a trezit din somn.
Ce se zbate? A visat că
raza lunii-i fir de-al lui și
cearc-acuma să se urce
până-n ceruri, sus, pe-o rază.
Se tot zbate îndrăznetul
și s-azvârle.
Și mi-e teamă
c-o să cadă -- visătorul."
Lucian Blaga,Vesivicul,"Nedumirit îl cauți și dibuind în întuneric
i-adulmeci urma-n tine ori în slava lumii,
avântul îl presimte-n zilele de mâne
și-n nopțile ce-au fost găsește-l resignarea.

Un văl de nepătruns ascunde veșnicul în beznă.
Nu-l vede nimeni, nimeni--
și totuși află-l fiecare,
așa cum eu îți aflu buzele pe întuneric,
iubita mea, în miez de noapte, când șoptim
în taină vorbe mari despre-nțelesul vieții."
Lucian Blaga,Izvorul noptii,"Frumoaso,
ți-s ochii-așa de negri încât seara
când stau culcat cu capu-n poala ta
îmi pare
că ochii tăi, adâncii, sunt  izvorul
din care tainic curge noaptea peste văi
și peste munți și peste șesuri,
acoperind pământul
c-o mare de-ntuneric.
Așa-s de negri ochii tăi,
lumina mea."
Lucian Blaga,Ghimpii,"Eram copil. Mi-aduc aminte, culegeam
odată trandafiri sălbatici.
Aveau atâția ghimpi,
dar n-am vrut să-i rup.
credeam că-s muguri-
și-au să înflorească.

Te-am întâlnit apoi pe tine.
O, câți ghimpi, câți ghimpi aveai!
dar n-am voit să te despoi -
credeam c-o să-nflorească.

Azi toate astea-mi trec
pe dinainte și zâmbesc.
Zâmbesc și hoinăresc prin văi
Zburdalnic în bătaia vântului."
Lucian Blaga,Inima,"O, inima! Mărturisiri afunde ard în ea.
Uimit eu mintea mi-o ascut
și-n înțelesuri mari
zvâcnirea i-o destram.

O, inima:
nebună, când se zbate-n joc sălbatic,
atunci,
atunci îmi spune că din lutul ei
a fost făcut pe vremuri vasul
în care Prometeu a coborât din cer
aprinsul jar ce l-a furat din vatra zeilor,
în timp ce zorile se ridicau peste Olimp
și-și ascundeau în poală stelele
ca un zgârcit comoara sa de aur.

O, inima: când para ea și-o -năbușește
c-un giulgiu de liniște,
atunci îmi cântă
că lutul ei a fost odată un potir de lotus,
în care a căzut o lacrimă curată ca lumina
din ochii celui dintâi sfânt și mare visător
care-a simțit îmbrățișarea veșniciei
și straniul fior
al înțelesului ce stăpânește deopotrivă
apusul, răsăritul, cerul, marea.

O, inima: amurguri când se lasă grele peste ea,
aud cum tainic îmi șoptește
că ea e lutu-n care-odinioară pe Golgota
s-a scurs șiroaie sângele din trupul lui Isus,
când ghimpii îl mușcau cu ochi de farisei.

O, inima:când pieptul ea mi-l sparge cu
bătăi de plumb,
atunci îmi strigă îndrăzneață
că peste veacuri lungi și goale și pustii,
când Dumnezeu se va-ndemna
să fac-o lume
și-o omenire
din neamuri mari de zei,
Stăpânul bun va plămădi atunci din lutul ei
pe noul Adam."
Lucian Blaga,Stalactita,"Tăcerea mi-este duhul
și-ncremenit cum stau și pașnic
ca un ascet de piatră,
îmi pare
că sunt o stalactită într-o grotă uriașă,
în care cerul este bolta.
Lin,
lin,
lin -- picuri de lumină
și stropi de pace --cad necontenit
din cer
și împietresc -- în mine."
Lucian Blaga,Sus,"Pe-un pisc.
Sus. Numai noi doi.
Așa: când sunt cu tine
mă simt nespus de-aproape
de cer.
Așa de-aproape,
de-mi pare că de ți-aș striga
în zare - numele
i-aș auzi ecoul
răsfrânt de bolta cerului.
Numai noi doi.
Sus."
Lucian Blaga,Noapte,"Pe lună, când ne scapără-n argintul nopții
pocalele de vin ca niște ochi de fiară,
cu un surâs amețitor tu-mi răscolești
tot furnicarul de porniri,
cari nu-și mai afl-apoi odihna.
Sub ocrotirea limpede a zării
biruitoare mă privești
și-n ochii mei te oglindești
strălucitoare, mândră și păgână.
Iar eu încet, nespus de-ncet
pleoapele-mi închid,
îmbrățișând cu ele tainic
icoana ta din ochii mei,
surâsul tău, iubirea și lamina ta -
pe lună, când ne scapără-n argintul nopții
pocalele de vin ca niște ochi de fiară."
Lucian Blaga,Legendă,"Strălucitoare-n poarta raiului
sta Eva.
Privea cum ranele amurgului se vindecau pe boltă
și visătoare
mușca din mărul
ce i l-a-ntins ispita șarpelui.
Fără de veste
un sâmbure i-ajunse între dinți din fructul blestemat.
Pe gânduri dusă Eva îl suflă în vânt,
iar sâmburele se pierdu-n țărână, unde încolți.
Un măr crescu acolo - și altii îl urmară
prin lungul șir de veacuri.
Și trunchiul aspru și vânjos al unuia din ei
a fost acela
din care fariseii meșteri
ciopliră crucea lui Isus.
Oh, sâmburele negru aruncat în vânt
de dinții albi ai Evei."
Lucian Blaga,Primăvară,"Visător cu degetele-i lungi pătrunde vântul
printre ramuri și pe fire de paianjen
cântă bietul ca pe-o harfă.

Albi pe fruntea ta-și deschid subțirile pleoape
trandafirii,
fragezi ca fiorii unor tăinuite presimțiri,
tremurând de neastâmpărul ce-ți joacă
viu și cald în vine.

Lacomi și flămânzi îmi strigă ochii,
veșnic nesătui ei strigă
după ochii tăi - scăpărătorii -
cari de luminoși ce-ți sunt, copilo,
nu văd niciodată umbre."
Lucian Blaga,Dorul,"Setos îți beau mireasma și-ți cuprind obrajii
cu palmele-amândouă, cum cuprinzi
în suflet o minune.
Ne arde-apropierea, ochi în ochi cum stăm.
Și totuși tu-mi șoptești: ""Mi-așa de dor de tine'""
Așa de tainic tu mi-o spui și dornic, parc-aș fi
pribeag pe-un alt pământ.

Femeie,
ce mare porți în inimă și cine ești?
Mai cântă-mi înc-o dată dorul tău,
să te ascult
și clipele să-mi pară niște muguri plini,
din care înfloresc aievea - veșnicii."
Lucian Blaga,Vei plânge mult ori vei zâmbi?,"Eu
nu mă căiesc
c-am adunat în suflet și noroi -
dar mă gândesc la tine.
Cu gheare de lumină
o dimineață-ți va ucide-odată visul
că sufletul mi-așa curat
cum gândul tău îl vrea,
cum inima iubirii tale-l crede.
Vei plânge mult atunci ori vei ierta?
Vei plânge mult ori vei zâmbi
de razele acelei dimineți,
în care eu ți-oi zice fără umbră de căință:
""Nu știi
că numa-n lacuri cu noroi în fund cresc nuferi?"""
Lucian Blaga,Pax magna,"De ce-n aprinse dimineți de vară
mă simt un picur de dumnezeire pe pământ
și-ngenunchez în fața mea ca-n fața unui idol?
De ce-ntr-o mare de lumină mi se-neacă eul
ca para unei facle în văpaia zilei?
De ce în nopți adânci de iarnă,
când sori îndepărtați s-aprind pe cer
și ochi de lupi prădalnici pe pământ,
un glas îmi strigă ascuțit din întuneric
că dracul nicăiri nu râde mai acasă
ca-n pieptul meu?
Pesemne - învrăjbiți
de-o veșnicie Dumnezeu și cu Satana
au înțeles că e mai mare fiecare
dacă-și întind de pace mâna. Și s-au împăcat
în mine: împreună picuratu-mi-au în suflet
credința și iubirea și-ndoiala și minciuna.

Lumina și păcatul
îmbrățișându-se s-au înfrățit în mine-ntâia oară
de la-nceputul lumii, de când îngerii
strivesc cu ură șarpele cu solzii de ispită,
de când cu ochii de otravă șarpele pândește
călcâiul adevărului să-l muște-nveninându-l."
Lucian Blaga,Melancolie,"Un vânt răzleț își șterge lacrimile reci
pe geamuri. Plouă.
Tristeți nedeslușite-mi vin, dar toată
durerea
ce-o simt n-o simt în mine,
în inimă,
în piept,
ci-n picurii de ploaie care curg.
Și altoită pe ființa mea imensa lume
cu toamna și cu seara ei
mă doare ca o rană.
Spre munți trec nori cu ugerele pline.
Și plouă."
Lucian Blaga,O toamnă va veni,"O toamnă va veni cândva târziu,
când tu iubito-mi vei cuprinde gâtul tremurând
și strâns vei atârna de mine cum atârnă o cunună
de flori uscate
de stâlpul alb de marmoră al unei cripte.

O toamnă va veni și-o să-ți despoaie
de primăvară trupul, fruntea, nopțile și dorul
și-ți va răpi petalele și zorile
lăsându-ți doar amurgurile grele și pustii.

O toamnă va veni și, mașteră,
din toate florile ce le-ai avut vreodată
numai pe-acelea n-o să ți le ia
ce-o să le-așterni peste mormânturile tuturor
acelora care se duc pe veci
cu primăvara ta."
Lucian Blaga,Stelelor,"C-o mare de îndemnuri și de oarbe năzuinți
în mine
mă-nchin luminii voastre, stelelor,
și flacări de-adorare
îmi ard în ochi, ca-n niște candele de jertfă.
Fiori ce vin din țara voastră îmi sărută
cu buze reci de gheață trupul
și-nmărmurit vă-ntreb:
spre care lumi vă duceți și spre ce abisuri?
Pribeag cum sunt,
mă simt azi cel mai singuratic suflet
și străbătut de-avânt alerg, dar nu știu - unde.
Un singur gând mi-e rază și putere:
o, stelelor, nici voi n-aveți
în drumul vostru nici o țintă,
dar poate tocmai de aceea cuceriți nemărginirea!"
Lucian Blaga,Autoportret,"Lucian Blaga e mut ca o lebădă.
În patria sa
zăpada făpturii ține loc de cuvânt.
Sufletul lui e în căutare
în muta, seculara căutare
de totdeauna,
și până la cele din urmă hotare.

El caută apa din care bea curcubeul.
El caută apa,
din care curcubeul
își bea frumusețea și neființa."
Lucian Blaga,Poetul,"Prietenă, să nu mai rostim zadarnicul sunet
cu care-l chemau muritorii!
Astăzi, vorbind pentru toți
el nu are chip și nu are nume - poetul!
Viața lui mult ne-a mirat,
ca un cântec cu tulbure tâlc,
ca un straniu eres.

În anii de demult
poetul, cuvântul strivindu-și, a îndurat
năpastele toate cu bărbăție
și cele mai mari, cele mai crunte dureri, și le-a stins
în muntele singurătății, ce și-a ales.
Când la un semn
s-au surpat albăstrimile cerului,
și minutarele vremii treceau
ca tăișuri prin toată făptura,
în anii aceia, poetul voi să uite de semeni și vatră.

În anii cumplitelor pâcle
când pământenii cu sfânta lor omenie și carne
s-au destrămat fără număr,
și viața - atâta s-a stins
de-ar fi fost, vai, tocmai de-ajuns
ca duhul să prindă trup pe pământ.
Poetul, cu numele șters și pierdut, s-a retras
sub pavăza muntelui,

făcându-se prieten înaltelor piscuri de piatră.
Și neajuns, neclintit, a rămas în jurul destinului
flancat de albe și negre solstiții
mare și singur.
Nu l-a ucis amarnica grijă din vale, nici gândul
că Dumnezeu răpitu-și-a singur putința-ntrupării.
Nu l-au răzbit nici tunetul din depărtări,
nici tenebrele.
Și nu l-a schimbat în cenușă
fulgerul care i-a fost pentr-o clipă
oaspete-n prag.
Mereu își da sieși cuvântul
și pasul său era legământ.

Îngăduie Prietenă, să-ți amintesc că Poetul
muri numai mult mai târziu.
Mult mai târziu, ucis
de-un ghimpe muiat în azur
ca de-un spine cu foc de albină.

Muri poetul ucis sub soare de-un trandafir,
de-un ghimpe muiat
în simplu albastru, în simpla lumină.
De-atunci, în frunzare-aplecate
privighetoarele toate-amuțiră
uimite de cele-ntâmplate.
Privighetorile ceasului, din rarele noastre grădini,
amuțiră-n lumina ce-apare-n zadar
și fără de semne, de-atunci.

Și nu știu nimic pe pământ
ce-ar putea să le-ndemne
să cânte iar."
Lucian Blaga,Cântecul obârșiei,"La obârșie, la izvor
nici o apă nu se-ntoarce,
decât sub chip de nor.
La obârșie, la izvor
nici un drum nu se întoarce
decât în chip de dor.
O, drum și ape, nor și dor,
ce voi fi, când m-oi întoarce
la obârșie, la izvor?
Fi-voi dor atuncia? Fi-voi nor?"
Lucian Blaga,Pământul,"Pe spate ne-am întins în iarbă: tu și eu.
Văzduhul topit ca ceara-n arșița de soare
curgea de-a lungul peste miriști ca un râu.
Tăcere-apăsătoare stăpânea pământul
și-o întrebare mi-a căzut în suflet până-n fund.

N-avea să-mi spună
nimic pământul? Tot pământu-acesta
neîndurător de larg și-ucigător de mut,
nimic?

Ca să-l aud mai bine mi-am lipit
de glii urechea - îndoielnic și supus -
și pe sub glii ți-am auzit
a inimei bătaie zgomotoasă.

Pământul răspundea."
Lucian Blaga,Gorunul,"În limpezi depărtări aud din pieptul unui turn
cum bate ca o inimă un clopot
și-n zvonuri dulci
îmi pare
că stropi de liniște îmi curg prin vine, nu de sânge.

Gorunul din margine de codru,
de ce mă-nvinge,
cu aripi moi atâta pace,
când zac în umbra ta
și mă dezmierzi cu frunza-ți jucăușă?

O, cine știe? - Poate că
din trunchiul tău îmi vor ciopli
nu peste mult sicriul,
și liniștea
ce voi gusta-o între scândurile lui,
o simt pe semne de acum:
o simt cum frunza ta mi-o picură în suflet -
și mut
ascult cum crește-n trupul tău sicriul,
sicriul meu,
cu fiecare clipă care trece,
gorunule din margine de codru."
Lucian Blaga,Mugurii,"Un vânt de seară
aprins săruta cerul de Apus
și-i scoate ruji de sânge pe obraji.
Trântit în iarba rup cu dinții
gândind aiurea - mugurii
unui vlăstar primăvăratic.

Îmi zic: „Din muguri
amari înfloresc potire grele de nectar""
și cald din temelii tresar
de-amarul tinerelor mele patimi."
Lucian Blaga,Liniște,"Atâta liniște-i în jur de-mi pare că aud
cum se izbesc de geamuri razele de lună.

În piept
mi s-a trezit un glas străin
și-un cântec cântă-n mine-un dor, ce nu-i al meu.

Se spune că strămoși, cari au murit fără de vreme,
cu sânge tânăr încă-n vine,
cu patimi mari în sânge,
cu soare viu în patimi,
vin,
vin să-și trăiască mai departe
în noi
viața netrăită.

Atâta liniște-i în jur de-mi pare că aud
cum se izbesc în geamuri razele de lună.

O, cine știe - suflete-n ce piept iți vei cânta
și tu odată peste veacuri
pe coarde dulci de liniște,
pe harfa de-ntuneric - dorul sugrumat
și frânta bucurie de vieață? Cine știe? Cine știe?"
Lucian Blaga,Frumoase mâni,"Presimt:
frumoase mâni, cum îmi cuprindeți astăzi cu
căldura voastră capul plin de visuri,
așa îmi veți ținea odată
și urna cu cenușa mea.

Visez:
frumoase mâni, când buze calde-mi vor sufla
în vânt cenușa,
ce-o s-o țineți în pălmi ca-ntr-un potir,
veți fi ca niște flori,
din care boarea-mprăștie - polenul.

Și plâng:
veți fi încă așa de tinere atunci, frumoase mâni."
Lucian Blaga,Lacrimile,"Când izgonit din cuibul veșniciei
întâiul om
trecea uimit și-ngândurat prin codri ori pe câmpuri,
îl chinuiau mustrându-l
lumina, zarea,norii - și din orice floare
îl săgeta c-o amintire paradisul -
și omul cel dintâi, pribeagul, nu știa să plângă.
Odată istovit de-albastrul prea senin
al primăverii,
cu suflet de copil întâiul om
căzu cu fața-n pulberea pământului:
„Stăpân, ia-mi vederea,
ori dacă-ți stă-n putință împăienjenește-mi ochii
cu-n giulgiu,
să nu mai văd
nici flori, nici cer, nici zâmbetele Evei și nici norii,
căci vezi - lumina lor mă doare.""

Și-atuncia Milostivul într-o clipă de-ndurare
îi dete lacrimile."
Lucian Blaga,Mi-aștept amurgul,"În bolta înstelată-mi scald privirea -
și știu că și eu port
în suflet stele multe, multe
și căi lactee,
minunile-ntunericului.
Dar nu le văd,
am prea mult soare-n mine
de-aceea nu le văd.
Aștept să îmi apună ziua
și zarea mea pleoapa să-și închidă,
mi-aștept amurgul, noaptea și durerea,
să mi se-ntunece tot cerul
și să răsară-n mine stelele,
stelele mele,
pe care încă niciodată
nu le-am văzut."
Lucian Blaga,Fiorul,"E moartea-atunci la căpătâiul meu ?
În miez de noapte,
când luna-și varsă peste mine aiurita ei privire,
când zbor de lilieci
pe fruntea-i de-ntuneric îmi sărută geamul,
simt câteodată un fior
din creștet străbătându-mi trupul,
întocmai ca și cum mâni reci
mi s-ar juca în păr cu degete de gheață.

E moarte-atunci la căpătâiul meu?
Și în lumina lunii
îmi număra ea oare firele cărunte?"
Lucian Blaga,Lumina raiului,"Spre soare râd!
Eu nu-mi am inima în cap,
nici creieri n-am în inimă.
Sunt beat de lume și-s păgân!
Dar oare ar rodi-n ogorul meu
atâta râs făr-de căldura răului?
Și-ar înflori pe buza ta atâta vrajă,
de n-ai fi frământată,
Sfânto,
de voluptatea-ascunsă a păcatului?
Ca un eretic stau pe gânduri și mă-ntreb:
De unde-și are raiul -
lumina? - Știu: Îl luminează iadul
cu flăcările lui!"
Lucian Blaga,Trei fețe,"Copilul râde:
„Înțelepciunea și iubirea mea e jocul!""
Tânărul cântă:
„Jocul și înțelepciunea mea-i iubirea!""
Bătrânul tace:
„Iubirea și jocul meu e-nțelepciunea!"""
Lucian Blaga,Cresc amintirile,"Într-un amurg, sunt ani de-atunci, mi-am zgâriat
stăruitor
în scoarța unui arbore - numele -
cu slove mici, stângace și subțiri.
Azi am văzut din întâmplare
cum slovele-au crescut din cale-afară - uriașe.
Așa îți tai și tu copilo numele
în inima-mi supusă
mărunt, mărunt, ca un ștrengar.
Și după ani
și ani de zile-l vei găsi
cu slove-adânci și uriașe."
Lucian Blaga,Visătorul,"Spânzurat de aer printre ramuri
se frământa în mătasa-i
un păianjen.
Raza lunii
l-a trezit din somn.
Ce se zbate? A visat că
raza lunii-i fir de-al lui și
cearc-acuma să se urce
până-n ceruri, sus, pe-o rază.
Se tot zbate,îndrăznețul
și s-azvârle.
Și mi-e teamă
c-o să cadă - visătorul."
Lucian Blaga,Izvorul nopții,"Frumoaso,
ți-s ochii-așa de negri încât seara
când stau cu culcat cu capu-n poala ta
îmi pare,
că ochii tăi, adânci, sunt izvorul
din care tainic curge noaptea peste văi
și peste munți și peste șesuri,
acoperind pământul
c-o mare de-ntuneric.
Așa-s de negri ochii tăi
lumina mea."
Lucian Blaga,Ghimpii,"Eram copil. Mi-aduc aminte, culegeam
odată trandafiri sălbatici.
Aveau atâția ghimpi,
dar n-am voit să-i rup.
Credeam că-s - muguri -
și-au să înflorească.

Te-am întâlnit apoi pe tine. O, câți ghimpi,
câți ghimpi aveai,
dar n-am voit să te despoi -
credeam c-o să-nflorească

Azi toate astea-mi trec
pe dinainte și zâmbesc. Zâmbesc
și hoinăresc prin văi
zburdalnic în bătaia vântului. Eram copil."
Lucian Blaga,Stalactita,"Tăcerea mi-este duhul -
și-ncremenit cum stau și pașnic
ca un ascet de piatră,
îmi pare
că sunt o stalactită într-o grotă uriașă,
în care cerul este bolta.
Lin,
lin,
lin - picuri de lumină
și stropi de pace - cad necontenit
din cer
și împietresc - în mine.
SUS
Pe-un pisc.
Sus. Numai noi doi.
Așa: când sunt cu tine
mă simt nespus de-aproape
de cer.
Așa de-aproape,
de-mi pare că de ți-aș striga
în zare - numele -
i-aș auzi ecoul
răsfrânt de bolta cerului.
Numai noi doi.
Sus."
Lucian Blaga,Noapte,"Pe lună, când ne scapără-n argintul nopții
pocale de vin ca niște ochi de fiară,
cu un surâs amețitor tu-mi răscolești
tot furnicarul de porniri,
cari nu-și mai afl-apoi odihna.
Sub ocrotirea limpede a zării
biruitoare mă privești
și-n ochii mei te oglindești
strălucitoare, mândră și păgână.
Iar eu încet, nespus de-ncet
pleoapele-mi închid,
îmbrățișând cu ele tainic
icoana ta din ochii mei,
surâsul tău, iubirea și lumina ta -
pe lună, când ne scapără-n argintul nopții
pocale de vin ca niște ochi de fiară."
Lucian Blaga,Dorul,"Setos îți beu mireasma și-ți cuprind obrajii
cu palmele-amândouă cum cuprinzi
în suflet o minune.
Ne arde-apropierea, ochi în ochi, cum stăm.
Și totuși tu-mi șoptești: „Mi-așa de dor de tine!""
Așa de tainic tu mi-o spui și dornic, parc-aș fi
pribeag pe-un alt pământ.

Femeie,
ce mare porți în inima și cine ești?
Mai cântă-mi înc-odată dorul tău,
să te ascult
și clipele să-mi pară niște muguri plini,
din care înfloresc aievea - veșnicii."
Lucian Blaga,Vei plânge mult ori vei zâmbi ?,"Eu
nu mă căiesc,
c-am adunat în suflet și noroi -
dar mă gândesc la tine.
Cu ghiare de lumină
o dimineață-și va ucide-odată visul,
că sufletul mi-așa curat,
cum gândul tău îl vrea,
cum inima iubirii tale-l crede.
Vei plânge mult atunci ori vei ierta ?
Vei plânge mult ori vei zâmbi
de razele acelei dimineți,
în care eu ți-oi zice fără umbră de căință:
„Nu știi,
că numa-n lacuri cu noroi în fund cresc nuferi?"""
Lucian Blaga,Stelelor,"C-o mare de îndemnuri și de oarbe năzuinți
în mine
mă-nchin luminii voastre stelelor,
și flăcări de ardoare
îmi ard în ochi, ca-n niște candele de jertfă.
Fiori ce vin din țara voastră, îmi sărută
cu buze reci de gheață trupul
și-nmărmurit vă-ntreb:
spre care lumi vă duceți și spre ce abisuri?
Pribeag cum sunt,
mă simt azi cel mai singuratic suflet
și străbătut de-avânt alerg, dar nu știu - unde.
Un singur gând mi-e rază și putere:
o stelelor nici voi n-aveți
în drumul vostru nici o țintă,
dar poate tocmai de aceea cuceriți nemărginirea!"
Lucian Blaga,Pan,"Acoperit de frunze veștede pe-o stâncă zace Pan.
E orb și e bătrân.
Pleoapele-i sunt cremene,
zadarnic cearc-a mai clipi
căci ochii-i s-au închis - ca melcii - peste iarnă.

Stropi calzi de rouă-i cad pe buze:
unu,
doi,
trei.
Natura își adapă zeul.

Ah, Pan!
Îl văd, cum își întinde mâna, prinde-un ram
și-i pipăie
cu mângâieri ușoare mugurii.

Un miel s-apropie printre tufișuri.
Orbul îl aude și zâmbește,
căci n-are Pan mai mare bucurie,
decât de-a prinde-n palme-ncetișor căpșorul mieilor
și de-a le căuta cornițele sub năstureii moi de lână.

Tăcere.

În juru-i peșterile cască somnoroase
și i se mută-acum și lui căscatul.
Se-ntinde și își zice:
„Picurii de rouă-s mari și calzi,
cornițele mijesc,
iar mugurii sunt plini.
- Să fie primăvara?"""
Lucian Blaga,Înfrigurare,"Livada s-a încins în somn. Din genele-i de stufuri
strâng lacrimi de văpaie:
licurici.

Pe-o coastă-n vreji de nouri
crește luna.

Mâni tomnatice întinde noaptea mea spre tine
și din spuma de lumin-a licuricilor verzui
ți-adun în inimă surâsul.
Gura ta e strugure-nghețat.

Numai marginea subțire-a lunii
ar mai fi așa de rece
- de-aș putea să i-o sărut -
ca buza ta.

Îmi ești aproape.

Prin noapte simt o pâlpâire de pleoape."
Lucian Blaga,Amurg de toamnă,"Din vârf de munți amurgul suflă
cu buze roșii
în spuza unor nori
și-atâta
jăraticul ascuns
sub valul lor subțire de cenușă.

O rază
ce vine goană din apus
și-adună aripile și se lasă tremurând
pe-o frunză:
dar prea e grea povara -
și frunza cade.

O, sufletul!
Să mi-l ascund mai bine-n piept
și mai adânc,
să nu-l ajungă nici o rază de lumină:
s-ar prăbuși.

E toamnă."
Lucian Blaga,Veniți după mine tovarăși !,"Veniți lângă mine, tovarăși! E toamnă,
se coace
pelinul în boabe de struguri
și-n gușe de viperi veninul.

C-un chiot vreau astăzi să-nchin
în cinstea sălbăticiei mele minuni, care pleacă
lăsându-mă singur,
cu plânsul,
cu voi,
și cu toamna.

Veniți mai aproape! - și cel care are
urechi de-auzit să audă:
durerile nu sunt adânci decât atunci când râd.
Să râdă deci astăzi în mine
amarul
și-n hohote mari să-și arunce pocalul în nori!

Veniți lângă mine, tovarăși, să bem!
Ha, ha! Ce licărește-așa straniu pe cer?
E cornul de lună?
Nu, nu! E un ciob dintr-o cupă de aur,
cu brațul de fier.

Sunt beat și aș vrea să dărâm tot ce-i vis,
ce e templu și-altar!

Veniți lângă mine, tovarăși! Că mâine-o să mor,
dar vă las moștenire,
superbul meu craniu, din care să beți
pelin
când vi-e dor de vieață,
și-otravă
când vreți să-mi urmați!
- Veniți după mine, tovarăși."
Lucian Blaga,Vara,"La orizont - departe - fulgere fără de glas
Zvâcnesc din când în când
ca niște lungi picioare de păianjen - smulse
din trupul care le purta.

Dogoare.

Pământu-ntreg e numai lan de grâu
și cântec de lăcuste.

În soare spicele își țin la sân grăunțele
ca niște prunci ce sug.
Iar timpul își întinde leneș clipele
și ațipește între flori de mac.
La ureche-i țârâie un greier."
Lucian Blaga,Gândurile unui mort,"De mâna-aș prinde timpul ca să-i pipăi
pulsul rar de clipe.
Ce-o fi acum pe pământ?
Mai curg aceleași stele peste fruntea lui în stoluri
și din stupii mei
mai zboară roiuri de albine spre păduri?

Tu inimă ești liniștită-acum!
Mult a trecut
de când îmi răsfrângeai în pieptul scund
un soare nou în fiecare dimineață
și-o suferință veche-n orișice amurg?
O zi?
sau poate veacuri?

Un stânjen doar deasupra mea-i lumină.
Flori cu sâni de lapte îmi apasă lutul.
Să pot
eu mi-aș întinde mâna și le-aș strânge-ntr-un mănunchi
să le cobor la mine,
dar
pământul poate nu mai are flori.

Gândul meu și veșnicia seamănă
ca niște gemeni.
Ce lume se va zbate azi în valurile zilei?

Ades un zgomot surd mă face să tresar.
Să fie pașii sprinteni ai iubirii mele,
sau e moartă și ea
de sute și de mii de ani?
Să fie pașii mici și guralivi ai ei
sau poate pe pământ e toamnă
și niște fructe coapte-mi cad mustoase, grele,
pe mormânt,
desprinse dintr-un pom, care-a crescut din mine ?"
Lucian Blaga,În lan,"De prea mult aur crapă boabele de grâu.
Ici-colo roșii stropi de mac
și-n lan
o fată
cu gene lungi ca spicele de orz.
Ea strânge cu privirea snopii de senin ai cerului
și cântă.
Eu zac în umbra unor maci,
fără dorinți, fără mustrări, fără căinți
și fără-ndemnuri, numai trup
și numai lut.
Ea cântă
și eu ascult.
Pe buzele ei calde mi se naște sufletul."
Lucian Blaga,La mânăstire,"De trei zile luna crește ca un fagure
de miere într-un stup.
La mânăstire vine-o babă. Zice:
„Stareț purtător de bolți cerești,
să faci o rugăciune
de ieșirea sufletului din trup.""

„Pentru cine?""

„Pentru mine.""

Luna - s-a coborât pe-o biblie
și de pe file
privește înapoi la chipul ei spre cer.

Cu miros de ger în lună vine un bătrân.
Îi sunt obrajii zdrențuiți
Întocmai ca un prapur vechi:
„Părinte bun, îi-aduc o pâine și un strop
de vin, ca să se roage la altar blândețea ta.""

„Pentru cine?""

„Pentru turma de oițe.""

Într-un târziu o fată. Stele care cad
sau poate-un vânt de toamnă-ar ști să spună
c-a fost frumoasă fata mai demult.
Zice:
„Să ții o liturghie, stareț sfânt.""

„Pentru cine?""

„Pentru - gândul meu.""

Luna s-a-ngrădit c-un curcubeu."
Lucian Blaga,Dați-mi un trup voi munților,"Numai pe tine te am trecătorul meu trup
și totuși
flori albe și roșii, eu nu-ți pun pe frunte și-n plete,
căci lutul tău slab
mi-e prea strâmt pentru strașnicul suflet
ce-l port.

Dați-mi un trup
voi munților,
marilor,
dați-mi alt trup să-mi descarc nebunia
în plin!
Pământule larg fii trunchiul meu,
fii pieptul acestei năpraznice inimi,
prefă-te-n lăcașul furtunilor, cari mă strivesc,
fii amfora eului meu îndărătnic!

Prin cosmos
auzi-s-ar atuncia măreții mei pași
și-ar apare năvalnic și liber
cum sunt,
pământule sfânt.

Când aș iubi,
mi-aș întinde spre cer toate marile
ca niște vânjoase, sălbatice brațe fierbinți,
spre cer
să-l cuprind,
mijlocul să-i frâng
să-i sărut sclipitoarele stele.

Când aș urî,
aș zdrobi sub picioarele mele de stâncă
bieți sori
călători
și poate-aș zâmbi.

Dar numai pe tine te am trecătorul meu trup."
Lucian Blaga,Strigăt în pustie,"Cu chiotele-ți de lumină
și cu-adâncul ochilor de mare,
cu urmele în lut, ce ți le lasă
nenumăratele fecioare
cutremurate-n clipa asta
de-un dor
pe minunatul tău pământ,
te chiem:
vino, Lume,
vin'.
Adie-mi în ureche gânguritul de izvoare
la cari în miez de noapte
nevăzuți de nimeni strugurii
desprinși din vite ți s-adună
să-și umplă boabele de must,
și-apoi - cu dărnicia ta de moarte
vino,
Lume,
vin'.

Și răscolește-mi
fruntea-nfierbântată
ca nisipul dogorât
pe care calcă-ncet, încet
prin pustie un profet."
Lucian Blaga,Versuri scrise pe frunze uscate de vie,"Când treci fără sandale pe sub tei,
porumbii adormiți pe streșini ciuruite
se trezesc, crezând
ca pașii tăi, mărunți, sunt semințe azvârlite
de-o mână bună pentru ei."
Lucian Blaga,Moartea lui pan,"I - Pan către nimfă

Cu strai de broască-n păr răsai din papură,
o undă
vrea să te cuprindă și nisipuri prind să fiarbă.
Ca dintr-o nevăzută amforă rotundă
îți verși mlădie trupul gol în iarbă.

Și vâna de la tâmple îmi zvâcnește
cu gușa unei leneșe șopârle
ce se prăjește-n soare,
mișcarea ta mi-adie murmur de izvoare.

Ca pâinea caldă eu te-aș frânge,
mișcarea ta mi-azvârle clipe dulci în sânge.

Nisipuri prind să fiarbă.

Vară,
soare,
iarbă!

II - Zeul așteaptă

Prin miriște se joacă
șoareci și viței,
iar vițele de vie
țin în palme
brotăcei.
C-o păpădie
între buze
o aștept
să vie.
Nu vreau decât
să-mi port curate
degetele răsfirate
prin părul ei,
prin părul ei
și-apoi prin nori
s-adun din ei
ca dintr-un caer
fulgerele-așa cum toamna
strânge din aer
funigei.

III - Umbra

Pan rupe faguri
în umbra unor nuci.
E trist:
se înmulțesc prin codri mânăstirile,
și-l supără sclipirea unei cruci.

Zboară-n jurul lui lăstunii,
și foile de ulm
răstălmăcesc o toacă.
Subt clopot de vecerne Pan e trist.
Pe-o cărăruie trece umbra
de culoarea lunii
a lui Crist.

IV - Pan cântă

Sunt singur și sunt plin de scai.
Am stăpânit cândva un cer de stele
și lumilor
eu le cântam la nai.
Nimicul își încoardă struna.
Azi nu străbate-n grota mea
nici un străin,
doar salamandrele pestrițe vin
și câteodată:
Luna.

V - Păianjenul

Gonit de crucile sădite pe cărări
Pan
s-ascunse într-o peșteră.
Razele fără de-astâmpăr se-mbulzeau
și se-mpingeau cu coatele s-ajungă pân'la el.
Tovarăși nu avea,
doar un păianjen singurel.
Iscoditor micuțul își țesuse mreaja de mătase
în urechea lui
și Pan din fire bun
prindea țânțarii celui din urmă prieten ce-i rămase.

Treceau în goană toamne cu căderi de stele.

Odată zeul își cioplea
un fluier din nuia de soc.
Piticul dobitoc
i se plimba pe mână.

Și'n scăpărări de putregai
Pan descoperi mirat
că prietenul avea pe spate-o cruce.

Bătrânul zeu încremeni fără de grai
în noaptea cu căderi de stele,
și tresări îndurerat,
păianjenul s-a-ncreștinat.

A treia zi și-a-nchis coșciugul ochilor de foc.
Era acoperit cu promoroacă
și-amurgul cobora din sunetul de toacă.
Neisprăvit rămase fluierul de soc."
Lucian Blaga,Către cititori,"Aici e casa mea. Dincolo soarele și grădina cu stupi.
Voi treceți pe drum, vă uitați printre gratii de poartă
și așteptați să vorbesc. - De unde să-ncep?
Credeți-mă, credeți-mă,
despre ori și ce poți să vorbești cât vrei:
despre soartă și despre șarpele binelui,
despre arhanghelii cari ară cu plugul
grădinile omului,
despre cerul spre care creștem,
despre ură și cădere, tristețe și răstigniri
și înainte de toate despre marea trecere.
Dar cuvintele sunt lacrimile celor ce ar fi voit
așa de mult să plângă și n-au putut.
Amare foarte sunt toate cuvintele,
de-aceea - lăsați-mă
să umblu mut printre voi,
să vă ies în cale cu ochii închiși."
Lucian Blaga,Psalm,"O durere totdeauna mi-a fost singurătatea ta ascunsă
Dumnezeule, dar ce era sa fac?
Când eram copil mă jucam cu tine
și-n închipuire te desfăceam cum desfaci o jucărie.
Apoi sălbăticia mi-a crescut,
cântările mi-au pierit,
și fără să-mi fi fost vreodată aproape
te-am pierdut pentru totdeauna
în țărână, în foc, în văzduh și pe ape.

Între răsăritul de soare și-apusul de soare
sunt numai tină și rană.
În cer te-ai închis ca-ntr-un coșciug.
O, de n-ai fi mai înrudit cu moartea
decât cu vieața,
mi-ai vorbi. De-acolo de unde ești,
din pământ ori din poveste mi-ai vorbi.

În spinii de-aici arată-te Doamne,
să știu ce-aștepți de la mine.
Să prind din văzduh sulița veninoasă
din adânc azvârlită de altul să te rănească sub aripi?
Ori nu dorești nimic?
Ești mută, neclintită identitate
(rotunjit în sine a este a)
nu ceri nimic. Nici măcar rugăciunea mea.
Iată stelele întră în lume
deodată cu întrebătoarele mele tristeți.

Iată o noapte fără ferestre-n afară.
Dumnezeule, de-acum ce mă fac?
În mijlocul tău mă dezbrac. Mă dezbrac de trup
ca de-o haină pe care-o lași în drum."
Lucian Blaga,În marea trecere,"Soarele-n zenit ține cântarul zilei.
Cerul se dăruiește apelor de jos.
Cu ochi cuminți, dobitoace în trecere
își privesc fără de spaimă umbra în albii.
Frunzare se boltesc adânci
peste o-ntreagă poveste.

Nimic nu vrea să fie altfel decât este.
Numai sângele meu strigă din păduri
după îndepărtata-i copilărie,
ca un cerb bătrân
după ciuta lui pierdută în moarte.

Poate a pierit sub stânci.
Poate s-a cufundat în pământ.
În zadar i-aștept veștile,
numai peșteri răsună,
pâraie se cern adânc.

Sânge fără răspuns,
o, de-ar fi liniște, cât de bine s-ar auzi
ciuta călcând prin moarte.

Tot mai departe șovăi pe drum, -
și ca un ucigaș ce-astupă cu năframa
o gură învinsă,
închid cu pumnul toate izvoarele,
pentru totdeauna să tacă,
să tacă."
Lucian Blaga,Călugărul bătrân îmi șoptește din prag,"Tinere, care mergi prin iarba schitului meu,
mai este mult pân-apune soarele?

Vreau să-mi dau sufletul
deodată cu șerpii striviți în zori
de ciomegele ciobanilor.
Nu m-am zvârcolit și eu în pulbere ca ei?
Nu m-am sfredelit și eu în soare ca ei?
Vieața mea a fost tot ce vrei,
Câteodată fiară,
câteodată floare,
câteodată clopot - ce se ceartă cu cerul.

Azi tac aici, și golul mormântului
îmi sună în urechi ca o talangă de lut.
Aștept în prag răcoarea sfârșitului.
Mai este mult?  Vino tinere,
ia țărână un pumn
și mi-o presară pe cap în loc de apă și vin.
Botează-mă cu pământ.

Umbra lumii îmi trece peste inimă."
Lucian Blaga,Heraclit lângă lac,"Lângă ape verzi s-adună cărările.
Sunt liniști pe-aici, grele și părăsite de om.
Taci câne, care-ncerci vântul cu nările, taci.
Nu alunga amintirile ce vin
plângând să-și îngroape fețele-n cenușa lor.

Sprijinit de butuci îmi ghicesc soarta
din palma unei frunze tomnatice.
Vreme, când vrei să iei drumul cel mai scurt,
pe unde apuci?

Pașii mei răsuna în umbră,
parcă-ar fi niște roade putrede
ce cad dintr-un pom nevăzut.
O, cum a răgușit de bătrânețe glasul izvorului!

Orice ridicare a mânii
nu e decât o îndoială mai mult.
Durerile se cer
spre taina joasă a țărânii.

Spini azvârl de pe țărm în lac,
cu ei în cercuri mă desfac."
Lucian Blaga,Bunătate toamna,"Pomi suferind de gălbinare ne ies în drum.
O minune e câteodată boală.
Pătrunse de duh
fețele-și lungesc ceara,
dar nimeni nu mai caută vindecarea.

Toamna surâzi îngăduitor pe toate cărările.
Toamna toți oamenii încap laolaltă.
Iar noi ce altădat' atât de răi
azi suntem buni, par' că am trece fără viață
prin aurore subpământești.

Porțile pământului s-au deschis.
Dați-vă mânile pentru sfârșit:
îngeri au cântat toată noaptea,
prin păduri au cântat toată noaptea
că bunătatea e moarte."
Lucian Blaga,Sufletul satului,"Copilo, pune-ți mânile pe genunchii mei.
Eu cred că veșnicia s-a născut la sat.
Aici orice gând e mai încet,
și inima-ți zvâcnește mai rar,
ca și cum nu ți-ar bate în piept
ci adânc în pământ undeva.
Aici se vindecă setea de mântuire
și dacă ți-ai sângerat picioarele
te așezi pe un podmol de lut.
Uite, e seară.
Sufletul satului fâlfâie pe lângă noi,
ca un miros sfios de iarbă tăiată,
ca o cădere de fum din streșini de paie,
ca un joc de iezi pe morminte înalte."
Lucian Blaga,Scrisoare,"Nu ți-aș scrie poate nici acum acest rând,
dar cocoși au cântat de trei ori în noapte -
și-a trebuit să strig:
Doamne, Doamne, de cine m-am lepădat?

Sunt mai bătrân decât tine, Mamă,
ci tot așa cum mă știi:
adus un pic din umeri
și aplecat peste întrebările lumii.

Nu știu nici azi pentru ce m-ai trimis în lumină.
Numai ca să umblu printre lucruri
și să le fac dreptate spunându-le
care-i mai adevărat și care-i mai frumos?
Mâna mi se oprește: e prea puțin.
De ce m-ai trimis în lumină, Mamă,
de ce m-ai trimis?

Trupul meu cade la picioarele tale
greu ca o pasăre moartă."
Lucian Blaga,Cuvântul din urmă,"Arendaș al stelelor,
străvechile zodii
mi le-am pierdut.
Vieața cu sânge și povești
din mâni mi-a scăpat.
Cine mă-ndrumă pe apă?
Cine mă trece prin foc?
De păsări cine mă apără?

Drumuri m-au alungat.
De nicăieri pământul
nu m-a chemat.
Sunt blestemat!

Cu cânele cu săgețile ce mi-au rămas
mă-ngrop,
la rădăcinile tale mă-ngrop,
Dumnezeule, pom blestemat."
Lucian Blaga,Epilog,"Îngenunchez în vânt. Mâne oasele
au să-mi cadă de pe cruce.
Înapoi nici un drum nu mă duce.
Îngenunchez în vânt:
lângă steaua cea mai tristă."
Lucian Blaga,Biografie,"Unde și când m-am ivit în lumină, nu știu,
din umbră mă ispitesc singur să cred
că lumea e o cântare.
Străin zâmbind, vrăjit suind
în mijlocul ei mă-mplinesc cu mirare.
Câteodată spun vorbe cari nu mă cuprind,
câteodată iubesc lucruri cari nu-mi răspund.
De vânturi și isprăvi visate îmi sunt ochii plini,
de umblat umblu ca fiecare:
când vinovat pe coperișele iadului,
când fără de păcat pe muntele cu crini.

Închis în cercul aceleiași vetre
fac schimb de taine cu strămoșii,
norodul spălat de ape subt pietre.
Seara se-ntâmplă molcom s-ascult
în mine cum se tot revarsă
poveștile sângelui uitat de mult.
Binecuvânt pâinea și luna.
Ziua trăiesc împrăștiat cu furtuna.

Cu cuvinte stinse în gură
am cântat și mai cânt marea trecere,
somnul lumii, îngerii de ceară.
De pe-un umăr pe altul
tăcând îmi trec steaua ca o povară."
Lucian Blaga,Somn,"Noapte întreagă. Dănțuiesc stele în iarbă.
Se retrag în pădure și-n peșteri potecile,
gornicul nu mai vorbește.
Buhe sure s-așează pe urne de brazi.
În întunericul fără de martori
se liniștesc păsări, sânge, țară
și aventuri în care veșnic recazi.
Dăinuie un suflet în adieri,
fără azi,
fără ieri.
Cu zvonuri surde prin arbori
se ridică veacuri fierbinți.
În somn sângele meu ca un val
se trage din mine
înapoi în părinți."
Lucian Blaga,Pasărea sfântă,"În vântul de nimeni stârnit
hieratic Orionul te binecuvântă,
lăcrimându-și deasupra ta
geometria înaltă și sfântă.

Ai trăit cândva în funduri de mare
și focul solar l-ai ocolit pe de-aproape.
În păduri plutitoare-ai strigat
prelung deasupra întâielor ape.

Pasăre ești? Sau un clopot prin lume purtat?
Făptura ți-am zice, potir fără toarte,
cântec de aur rotind
peste spaima noastră de enigme moarte,

dăinuind în tenebre ca în povești
cu fluier părelnic de vânt
cânți celor ce somnul și-l beau
din macii negri de sub pământ.

Fosfor cojit de pe vechi oseminte
ne pare lumina din ochii tăi verzi.
Ascultând revelații fără cuvinte
subt iarba cerului zborul ți-l pierzi.

Din văzduhul boltitelor amiezi
ghicești în adâncuri misterele.
Înalță-te fără sfârșit,
dar să nu ne descoperi niciodată ce vezi."
Lucian Blaga,Perspectivă,"Noapte. Subt sfere, subt marile,
monadele dorm.
Lumi comprimate,
lacrimi fără de sunet în spațiu,
monadele dorm.

Mișcarea lor - lauda somnului."
Lucian Blaga,Tăgăduiri,"Arbori cu crengi tămăduitor aplecate
fac scoarță în jurul unui lăuntric suspin.
Pe toate potecile zilei
cu surâs tomnatic
se răstignesc singuri
Cristoși înalți pe cruci de arin.

Grele din înălțimi cad ciocârlii
ca lacrimi sunătoare ale dumnezeirei peste ogor.
Pe drumuri pornit
iscodesc semnele
întregului rotund depărtat:
pretutindeni e o tristețe. E o negare. E un sfârșit.

Pe urmele mele coapte
moartea își pune sărutul galben
și nici un cântec nu mă îndeamnă
să fiu încă o dată.
Fac un pas și șoptesc spre miazănoapte:
Frate, trăiește tu, dacă vrei.
Mai fac un pas și șoptesc spre miazăzi:
Frate, trăiește tu, dacă vrei.
Din sângele meu nu mai e nimeni chemat
să-și ia începutul trăirilor,
nu, nu mai e nimeni chemat.

Pe căile vremii se duc și vin
cu pas adânc ca de scoarță
albe fecioare și negre fecioare:
îndemnuri cerești
să fim încă o dată,
să fim încă de-o mie de ori,
să fim, să fim!
Dar eu umblu lângă ape cântătoare
și cu fața-ngropată în palme - mă apăr:
eu nu! Amin."
Lucian Blaga,La curțile dorului,"Prin vegherile noastre - site de in 
vremea se cerne, și-o pulbere albă
pe tâmple s-așează. Aurorele încă
se mai aprind, și-așteptăm
o singură oră să ne-mpărtășim
din verde imperiu, din raiul sorin.

Cu liturghii de lemn zăbovim lângă blide
lungi zile pierduți și străini.
Oaspeți suntem în tinda noii lumini
la curțile dorului. Cu cerul vecin.

Așteptăm să vedem prin columne de aur
evul de foc cu steaguri pășind,
și fiicele noastre ieșind
să pună pe frunțile porților laur.

Din când în când câte-o lacrim-apare
și fără durere se-ngroașă pe geană.
Hrănim cu ea
nu știu ce firavă stea.
1917
Focul tăcu. E zi de odihnă. Privim din tranșee
rețeaua, livada cu flori, și zdrențele-n sârmă.
Simți Paștile-n liniști. Încă o dată cei zece tovarăși
stăm într-o groapă, asemenea bărcii fără de cârmă.

Scumpe făpturi, fluturi mulți, năvălesc din apus
cu-nalte sclipiri jucăușe, curate.
Trec pe deasupra în pâlcuri, culori salvate
din alt continent, cufundat și răpus.

Mâine bătaia va-ncepe din nou. Fii inimă - lemn,
când fiecare-n tăcere se-ntreabă: care pe munte
cădea-va întâiul? - Când fiecare pe cealaltă frunte
ar vrea să citească un semn.

Eu singur le zic: Fiți liniștiți! Odată cu zorile
cădea-vor întâi nu oameni, ci florile!
Dedițeii aceștia cu bluze albastre,
păpădii cu coifuri de aur ca ale noastre!"
Lucian Blaga,Asfințit marin,"Piere în jocul luminilor
saltul de-amurg al delfinilor.

Valul acoperă numele
scrise-n nisipuri, și urmele.

Soarele, lacrima Domnului,
cade în marile somnului.

Ziua se curmă, și veștile.
Umbra mărește poveștile.

Steaua te-atinge cu genele.
Mut tălmăcești toate semnele.

Ah, pentru cine sunt largile
vremi? Pentru cine catargele?

O, aventură, și apele!
Inimă, strânge pleoapele!"
Lucian Blaga,Mirabila sămânță,"Mă rogi cu-n surâs și cu dulce cuvânt
rost să fac de semințe, de rarele,
pentru Eutopia, mândra grădină,
în preajma căreia fulgere rodnice joacă
să-nalțe tăcutele seve-n lumină.

Neapărat, mai mult decât prin orașul rumorilor,
c-o stăruință mai mare
decât sub arcade cu flori,
voi umbla primăvara întreagă prin târguri
căutând vânzători de sămânță.
Mi-ai dibuit aplecarea firească și gustul ce-l am
pentru tot ce devine în patrie,
pentru tot ce sporește și crește-n izvornită.
Mi-ai ghicit încântarea ce mă cuprinde în față
puterilor, în ipostaze de boabe,
în fața mărunților zei, cari așteaptă să fie zvârliți
prin brazde tăiate în zile de martie.

Am văzut nu o dată sămânța mirabilă
ce-nchide în sine supreme puteri.
Neînsemnate la chip, deși după spiță alese, îmi par
semințele ce mi le ceri.
Culori luminate, doar ele destăinuie trepte și har.
În rânduri de saci cu gura deschisă -
boabele să ți le-nchipui: gălbii,
sau roții, verzi, sinilii, aurii,
când pure, când pestrițe.

Asemenea proaspete, vii și păstoase
și lucii culori se mai văd
doar în stemele țărilor,
sau la ouă de păsări. Semințele-n palme
de le ridici, răcoroase,
un sunet auzi precum ni l-ar da
pe-un țărmure-al Marii de Est mătăsoase nisipuri.

Copil, îmi plăcea, despuiat de veșminte,
să intru-n picioare în cada cu grâu,
cufundat pân' la gură în boabe de aur.
Pe umeri simțeam o povară de râu.
Și-acuma, în timpuri târzii, când mai vad
Câteodată grămezi de semințe pe arii,
anevoie pun capăt fierbintei dorinți
de-a le atinge cu fața.

De-alintarea aceasta mă ține departe doar teama
de-a nu trezi zeii, solarii,
visătorii de visuri tenace, cuminți.

Laudă semințelor, celor de față și-n veci tuturor!
Un gând de puternică vară, un cer de înalta lumină,
se-ascunde în fieștecare din ele, când dorm.
Palpită în visul semințelor
un foșnet de câmp și amiezi de grădină,
un veac pădureț
popoare de frunze
și-un murmur de neam cântăreț."
Lucian Blaga,Cântecul vârstelor,"Dragostele mele bune
cum le-a măcinat pământul!
Cum pieriră pe sub iarbă
frumusețea și cuvântul!
Dragostele mele rele,
câte au căzut și ele!
Dragostele bune, rele,
ce-a rămas sub glii din ele?
Țărâna numai și inele."
Lucian Blaga,Încă o dată !,"Nu mi-e destul. Și după orișice
aș spune: înc-o dată!
Orice se-ntâmplă-i ca și cum
s-ar întâmpla c-o fată.
Ah, nici un rod nu mi-e destul,
îl vreau și-n alte chipuri.
Se poartă râul către mări,
dar piere în nisipuri.

Nu-i apă să astâmpere de-ajuns,
nu mi-e destul vieața, cartea.
Iubire-aș vrea, pierzare, jar,
cum voi simți odată moartea.

Nici din lumină n-am destul,
căci ea-i doar o legendă, iată.
Nimic sub zare nu-i destul,
vreau totul înc-o dată!"
Lucian Blaga,Cântecul somnului,"Plăcut e somnul lângă o apă ce curge,
lângă apa care vede totul, dar amintiri nu are.
Plăcut e somnul în care
uiți de tine ca de-un cuvânt.
Somnul e umbra pe care
viitorul nostru mormânt
peste noi o aruncă, în spațiul mut.
Plăcut e somnul, plăcut."
Lucian Blaga,Poezia,"Un fulger nu trăiește
singur, în lumina sa,
decât o clipă, cât îi ține
drumul din nor până-n copacul
dorit, cu care se unește.
Și poezia este - așa.
Singură-n lumina sa
ea ține pe cât ține:
din nour până la copac,
de la mine pân' la tine."
Lucian Blaga,Părinții,"Coboară-n lut părinții, rând pe rând,
în timp ce-n noi mai cresc grădinile.
Ei vor să fie rădăcinile,
prin cari ne prelungim pe sub pământ.

Se-ntind domol părinții pe subt pietre,
în timp ce în lumini mai adăstăm,
în timp ce fericiri ne-mprumutăm
și suferinți și apă vie pe la vetre."
Lucian Blaga,"Suflete, prund de păcate","Suflete, prund de păcate,
ești nimic și ești de toate.
Roata stelelor e-n tine
și o lume de jivine.
Ești nimic și ești de toate:
aer, pasări călătoare,
fum și vatră, vremi trecute
și pământuri viitoare.
Drumul tău nu e-n afară,
căile-s în tine însuți.
Iară cerul tău se naște
ca o lacrimă din plânsu-ți."
Lucian Blaga,Scoica,"C-un zâmbet îndrăzneț privesc în mine
și inima
mi-o prind în mână. Tremurând
îmi strâng comoara la ureche și ascult.

Îmi pare
că țin în mâni o scoică,
în care
prelung și neînțeles
răsună zvonul unei mari necunoscute.

O voi ajunge, voi ajunge
vreodat' pe malul
acelei mări, pe care azi
o simt,
dar nu o văd ?"
Lucian Blaga,Eva,"Când șarpele întinse Evei mărul, îi vorbi
c-un glas ce răsuna
de printre frunze ca un clopoțel de-argint.
Dar s-a-ntâmplat că-i mai șopti apoi
și ceva în ureche
încet, nespus de-ncet,
ceva ce nu se spune în scripturi.

Nici Dumnezeu n-a auzit, ce i-a șoptit anume,
cu toate că a ascultat și el.
Și Eva n-a voit s-o spună nici lui
Adam.

De-atunci femeia-ascunde sub pleoape-o taină
și-și mișcă geana parc-ar zice
că ea știe ceva,
ce noi nu știm,
ce nimenea nu știe,
nici Dumnezeu chiar."
Lucian Blaga,Pluguri,"Prietene crescut la oraș
fără milă, ca florile în fereastră,
prietene care niciodată încă n-ai văzut
câmp și soare jucând supt peri înfloriți,
vreau să te iau de mână,
vino, să-ți arăt brăzdarele veacului.

Pe dealuri, unde te întorci,
cu ciocuri înfipte-n ogor sănătos
sunt pluguri, nenumărate pluguri:
mari păsări negre
ce-au coborât din cer pe pământ.
Ca să nu le sperii -
trebuie să te apropii de ele cântând.

Vino - încet."
Lucian Blaga,Noi cântăreții leproși,"Mistuiți de răni lăuntrice ne trecem prin veac.
Din când în când ne mai ridicăm ochii
spre zăvoaiele raiului,
apoi ne-aplecăm capetele în și mai mare tristețe.
Pentru noi cerul e zăvorât și zăvorâte sunt cetățile.
În zadar căprioarele beau apă din mânile noastre,
În zadar cânii ni se închină,
suntem fără scăpare singuri în amiaza nopții.
Prieteni, care stați lângă mine,
încălziți-vă lutul cu vin,
desfaceți-vă privirile peste lucruri.
Noi suntem numai purtători de cântec
pe la porți închise,
dar fiicele noastre vor naște pe Dumnezeu
aici unde astăzi singurătatea ne omoară."
Lucian Blaga,Amintire,"Unde ești astăzi, nu știu.
Vulturi treceau prin Dumnezeu deasupra noastră.
Alunec în amintire, e-așa de mult de-atunci.
Pe culmile vechi unde soarele iese din pământ
privirile tale erau albastre și-nalte de tot.
Zvon legendar se ridică din brazi.
Ochiu atât înțelegător era iezerul sfânt.
În mine se mai vorbește și astăzi despre tine.
Din gene, ape moarte mi se preling.
Ar trebui să taiu iarba,
ar trebui să taiu iarba pe unde ai trecut.
Cu coasa tăgăduirii pe umăr
în cea din urmă tristețe mă-ncing."
Lucian Blaga,Lucrătorul,"Te irosești în încordări de arc
lângă roțile mari de oțel.
Strivești între degete sânii materiei.
Iți sunt de păcură mânile și afumate în zorile.

Lucrătorule, cu șorțul de piele albastră,
pentru tine mașinile cântă
mai frumos decât privighetorile.
Lucrătorule, cu șorțul de piele albastră,
tu știi că frumoase sunt
numai lucrurile ieșite din puteri omenești.
Tu știi că nici o stea
n-a fost făcută de mâna ta,
și-ți zici: orce-ar spune prea mulții gureșii poeți,
nici o stea nu-i frumoasă.

Din fântâni sfredelite-n osia planetei
iți scoți gălețile de foc.
Nu te cunosc, nu mă cunoști,
dar o lumină alunecă
de pe fața ta pe fața mea,
și-o strig în sfintele vânturi."
Lucian Blaga,Bunavestire,"În noaptea asta lungă, fără sfârșit,
o femeie umbla supt cerul apropiat.
Ea înțelege mai puțin decât oricine
minunea ce s-a întâmplat.
Aude sori cântăreți, întreabă,
întreabă și nu înțelege.
În trupul ei stă închis ca într-o temniță bună
un prunc.
De nouă ori se-nvârte discul lunei
în jurul pruncului.
El rămâne nemișcat și crește mirându-se.

În noua noapte fără sfârșit
ciobanii păzesc nașterea unor semne cerești.
Mă duc între ei să vestesc:
Tăiați-vă mieii pe cruce
În amintirea jertfei ce se va face.
Ridicați-vă de lângă foc
În cojoace cu flăcări de lână.

Luați făclia ce-am aprins-o
în steaua coborâtă
deasupra ieslelor roase de boi
și dați-o mai departe
din mână în mână.
În curând fiul omului va căuta un loc
unde să-și culce capul,
răzimându-și-l ca și voi
de pietre ori de câni adormiți.
În curând rănile purtate prin văile noastre
s-or vindeca
închizându-se ca florile la întuneric.
În curând picioare albe
vor umbla peste ape."
Lucian Blaga,Echinocțiu,"Semne verzi subt șovăiri solare
ieși soră să  vezi pe ogor.
Popi negri vestind sub pământuri soarele
cu fluiere greerii umblă
până-n pragul sicrielor
și-acolo mor.
Pe-aici, afară din oraș, și ieri am fost
să iscodim învierile în fața porților.
Îndrăznește soră, oh soră să nu suspini.
Într-o singură zi mugurii și iarba au crescut
repede ca unghiile și părul morților.
Făpturi, care-ați fost, unde vă țineți ?
Nu le calcă soră luminile - dedițeii vineți."
Lucian Blaga,Biblică,"Amiaza e dreaptă. Liniștea se rotunjește albastră.
Zboruri spre ceruri cresc.
Glasuri se irosesc. Ființe se opresc.
Vițelul în trupul vacii îngenunchează
ca-ntr-o biserică.

Maică Precistă, tu umbli și astăzi râzând
pe cărări de jocuri de apă pentru broaște țestoase.
Între ierburi înalte și goale
copilul ți-l dezbraci
și-l înveți să stea în picioare
Când e prea rău
îl adormi cu zeamă de melci.

Pentru tine lumea e o pecete
pusă pe-o taină mai mare:
de aceea mintea nu ți-o muncești
cu nimic.

În casă lângă blidarul cu smalțuri rare
în fiecare zi păzești cu răbdare
somnul marelui prunc.
A mustrare clipind
te superi doar
când îngerii trântesc prea tare ușile
venind sau ieșind."
Lucian Blaga,Încheiere,"Frate, o boala învinsă ți se pare orice carte.
Dar cel ce ți-a vorbit e în pământ.
E în apa. E în vânt.
Sau mai departe.

Cu foaia aceasta închid porțile și trag cheile.
Sunt undeva jos sau undeva sus.
Tu stinge-ți lumânarea și-ntreabă-te:
taina trăită unde s-a dus ?

Ți-a mai rămas în urechi vreun cuvânt ?
De la basmul sângelui spus
întoarce-ți sufletul către perete
și lacrima către apus.

Pe lespezi dacă te apleci
auzi scarabei sărutând părinteștile luturi,
crengile noastre căzute-n adânc, în ținuturi
amare și reci.

Pe lespezi urechea de-o pui, audu-se viermii,
cu freamăt porniți pe căile vremii
cu carnea noastră să se cuminece
pe rând în nouă duminece."
Lucian Blaga,Cânele din pompei,"Văzui în Pompei acel câne roman.
Așa ni-l voiră zeițele sorții -
mulaj conservat în materia morții,
să nu-l putrezească nici ploaie, nici an.

Ieșise să scape din norul din ușă,
de noaptea căzută din munte cu foc.
Dar cânele, scurt răsucindu-se-n loc,
se stinse rânjind și mușcând din cenușă.

Te văd Dumnezeule - plumb, scrum și nor -
odată venind peste mine prin ușă,
din muntele cerului, cotropitor.

Scăpa-voi doar până în poartă. Apoi
mușca-voi, în Tine, a lumii cenușă.
Tiparul în TINE păstra-mi-l-voi."
Lucian Blaga,Cântecul spicelor,"Spicele-n lanuri - de dor se-nfioară, de moarte
când secera lunii pe boltă apare.
Că fetele cată, cu părul de aur,
la zeul din zare.

O vorba-și trec spicele - fețe-n văpaie:
secera lunii e numai lumină -
cum ar putea să ne taie
pe la genunchi, să ne culce pe spate, în arderea vântului ?

Aceasta-i tristețea cea mare - a spicelor
că nu sunt tăiate de lună,
că numai de fierul pământului
li s-a menit să apună."
Lucian Blaga,În lumea lui heraclit,"Produs al aerului soarele ar fi
al vremuirii, joc al unor pământești stihii,
așa credea-nțeleptul din Efes.
S-ar plămădi solarul trup din nou, în fiecare zi,
din aburii fosforescenți care din mare ies.
Știu că iubita mea-i așa, pe care o slăvesc.
Mereu e alta, alta e, tot alta,
ca soarele antic, un rod al fiecărei dimineți.
S-alcătuiește din lumini pe care nu le-nveți,
se înfiripă din splendori pe care tăcând le preamăresc.

Făptură fără ieri, întruchipată iar și iar,
în ciclurile arzătoarei, reluatei tinereți
îmi este dat, până la capătul acestei vieți,
în fiecare zi din nou s-o cuceresc."
Lucian Blaga,Ulise,"De pe liman pe golfuri
privirea ți-o rotește.
E liniște ca-n ziua
când mă-ntorsei hoțește
și ți-am golit de oaspeți
viața, pragul, tinda.
Ia seama Penelope
ce netedă-i oglinda.

Se-ntinde marea clară
pe-un prund de oseminte.
Nu-i nimenea cu proră
s-o șteargă, s-o frământe.
Doar șerpii taie apa
spre-un țărm ghicit în zare,
trecând peste adâncuri
ca semne de-ntrebare.

Catargul putrezește
la margine de timp
acolo între Hades
și-acele culmi în nimb.
Nu m-amăgește ceasul
să număr nestemate,
nici nu mă cheamă-n urmă
furtuni și vrăji uitate.

Vezi, orice amintire-i
doar urma unor răni
prin țări, prin ani primite,
pe la răscruci și vămi.
Nu aștepta pățanii
să izvodesc, alese.
Deșartă născocire
e vorba ce se țese.

Dar pe liman ce bine-i
să stăm în necuvânt -
și, fără de-amintire
și ca de subt pământ,
s-auzi, în ce tăcere
cu zumzete de roi,
frumusețea și cu moartea
lucrează peste noi."
Lucian Blaga,Bucuresti 1919,"Liliecii țâșneau în slavă,
când ne părăseam lăcașul.
Paltinii, crescuți în noapte
din asfalturi ca din lavă,
își împrăștiau sămânța
zburătoare-n tot orașul.

Nimeni nu dormea în noaptea
cea de veghe. Nici penații
viitoarei generații.
Ne plimbam pe bulevarde
prin troiene de semințe -
și simțeam cum talpa arde.

Doar târziu Segetătorul
încearcă-ntr-o doar' s-apună
când scâncea în poartă cheia.
Vântul ne-azvârlea în păr și-n
față pulbere de lună,
caldă încă vremea-aceea.

Ținând soarele în mână,
un oltean - pe jumătate
om aievea, în rest fântână
cu o cumpănă în spate -
dimineața da năvală
cu un chiot în cetate."
Lucian Blaga,Ulciorul,"Pe masa îmi stă, durat din argilă,
ulciorul. În rostul ceramic așez uneori,
cu rouă pe ele, iubitele flori.
Prefer trandafiriul de purpură.
Tainic, urmând un sacru canon,
dimineața, de o rază cerească
atins, trandafiriul își las-o petală pe masă,
dorind în lumină să stea fără mască.

Se face că torn, alte dăți, în ulcior
tomnaticul soare prin teascuri trecut,
curgător aur crud,
vin de piatră, soi cald de Aiud.

Mai apoi câteodată păstrez în ulcior
și-un lucru mai scump și mai rar:
grămada de boabe de chihlimbar,
lacrimi pe care o pădure le-a plâns,
când ultimul alb unicorn s-a stins."
Lucian Blaga,Oedip în fața sfinxului,"Ascult. Adâncul tău ce-amar și ce pustiu,
cât de fierbinte, dulce trebuie să fie.
În preajma ta, în larg, se stinge tot ce-i viu,
doar pajiștea cu oseminte învie.

Aștept aici cu-nspăimântată bucurie,
tăcerea lungă să se rupă între noi,
cumplit, amarnic sfâșiată ca o iie
într-un iatac, pe întuneric între doi.
Și văd mirat cum ghiarele din când în când
îți ies și se retrag în pungi de catifea,
ca la pisici, în gând și-n prag la pândă stând.

Vorbești ? - Te doare și pe tine întrebarea ?
C-un freamăt te mai stingherește-o clipă marea,
dar aripa ți-o potrivești spre-a mă curma."
Lucian Blaga,Pod peste mureș,"La vad, un pod de lemn, cu coperișul de șindrilă,
lung cât o uliță de sat,
se-ntinde peste MUREȘ. Mal vrea la mal în veci să lege.
Astfel țara moștenitu-l-a din leat.

Își au mărețele-mpliniri și lucruri cântăreții lor,
dar podului îi cântă numai apa, ce subt el se-ndeasă,
despre toți și toate-i cântă, câte au trecut
pe el ca printr-o casă, lungă dreaptă casă,

ca printr-o casă la al cărei prag
sfârșește drumul, ca să iasă
la celalalt capăt iarăși drum, drum vechi - în lume
precum pravila îl vrea - lăsat în voie să pornească.

Oști trecură-n veac pe-aci, și Radu cel Frumos,
roți ferecate, robi domnești, comori și lacrimi,
moți cu ciubăre, turme, vânturi,
răpuși și-nvingători, stindarde, patimi.

Pe toți și toate-n nopti, când vâlvele se bat,
îi poți vedea-n lumini de-o clipă încă,
așa cum ceasul, de pe un țărm mutându-i,
i-a mântuit spre celălalt peste vâltoarea-adâncă.

Dar ce liniște-i acum la vad ! Ce trează-amiaza !
Prin istorie adie doar miros de otavă.
Subt pod un șarpe se sorește, lung și nemișcat,
ca-ntr-o emblemă rară, de străveche slavă."
Lucian Blaga,Giordano bruno cântă balada permanenței,"E același, nu-s aceleași.
E același unic soare
răsărit din munte, gând.
Să se întrupeze-n vale
alte umbre sunt la rând.

E același, nu-s aceleași.
E același unic soare
albul inului sorbind.
Să întindă pânza-n iarbă
fete, alte sunt la rând.

E același, nu-s aceiași.
E același unic soare
tâlc suav învederând.
Ca să coloreze ceasul
fluturi - alții sunt la rând.

E același, nu-s aceleași.
E același unic soare
ce-nfierbântă roua, vânt.
Sa îndure moartea-n vară
alte spice sunt la rând.

E același, nu-s aceleași.
E același unic soare
inima prin lumi bătând.
Să îngâne-n vreme rugul
alte-amurguri sunt la rând."
Lucian Blaga,Cimitirul roman,"Huliți au fost romanii
de unii învățați din vremi mai nouă
că metafizica n-ar fi creat
ca alte glorioase seminții,
doar apeducte, colisee,foruri, drumuri,
eterna urbe, castre și troiane de hotar.
Huliți au fost romanii
că numai case-ar fi clădit cu atrii
primind de sus lumina
ș-avertisment ținând pe praguri : cave canem.

De ți-ar fi dat s-ajungi odat'la Roma
și-adânc în țară, prietene, pe Via Appia te-ai pierde,
ai înțelege-atuncia, ce nedreaptă-i cumpăna
cu care oamenii, popoarele, virtutea unul altuia
și inima și-o cântăresc. Căci ai vedea un Drum,
care se duce, se tot duce în peisaj,
piatră cu piatră, potrivind,
un drum flancat, de-a stânga și de-a dreapta,
cu sarcofage, urne, mauzolee,
păstrând cenușa, oseminte-adăpostind.

Așa vedeau romanii Drumul, orice limite-nfruntând
în mare-mpărăție a vieții-naintând prin moarte
sădită-n șiruri
de două părți. Cei de la umbra chiparoșilor
în sarcofage dorm, ascultă sunetul
de securi și de lănci, marșul cohortelor,
roțile de care, nechezul cailor. Acestea toate,
la rândul lor, acuma nu mai sunt,
dar morții cei mai vechi, aceia mai ascultă
la drumul care suna pe pământ.

Așa închipuiau romanii cimitirul:
un drum flancat de două rânduri de tăceri.
Aceasta-i metafizica romană: un Drum.
Un drum ce-naintează printre morți, nu printre vii."
Lucian Blaga,Biografie,"Unde și când m-am ivit în lumină nu știu,
din umbră mă ispitesc singur să cred
că lumea e o cântare.
Străin zâmbind, vrăjit suind,
în mijlocul ei mă-mplinesc cu mirare.
Câteodată spun vorbe cari nu mă cuprind,
câteodatâ iubesc lucruri cari nu-mi răspund.
De vânturi și isprăvi visate îmi sunt ochii plini,
de umblat umblu ca fiecare:
când vinovat pe coperișele iadului,
când fără păcat pe muntele cu crini.
Închis în cercul aceleiași vetre
fac schimb de taine cu strămoșii,
norodul spălat de ape subt pietre.
Seara se-ntâmplă mulcom s-ascult
în mine cum se tot revarsă
poveștile sângelui uitat de mult.
Binecuvânt pânea și luna.
Ziua trăiesc împrăștiat cu furtuna.
Cu cuvinte stinse în gură
am cântat și mai cânt marea trecere,
somnul lumii, îngerii de ceară.
De pe-un umăr pe altul
tăcând îmi trec steaua ca o povară."
Lucian Blaga,Somn,"Noapte întreagă. Dănțuiesc stele în iarbă.
Se retrag în pădure și-n peșteri potecile,
gornicul nu mai vorbește.
Buhe sure s-așază ca urne pe brazi.
În întunericul fără de martori
se liniștesc păsări, sânge, țară
și aventuri în cari veșnic recazi.
Dăinuie un suflet în adieri,
fără azi,
fără ieri.
Cu zvonuri surde prin arbori
se ridică veacuri fierbinți.
În somn sângele meu ca un val
se trage din mine
înapoi în părinți."
Lucian Blaga,Fum căzut,"S-aude zbor scurt și zadarnic
de gâște peste pajiști reci.
Undeva un cântec se pătrunde
de chemări de veci.
Un fluier seacă, altul nu s-arată.
Aleluia,privirea mi se umple de păsări și vânt,
vieții nu i-am rămas dator nici un gând,
dar i-am rămas dator viața toată.
Cu mișcări oprite ades
văd bolți prăbușite în apă.
Din frunzele satului ies
ca dintr-o biblică șatră.
Aleluia, astăzi ca niciodată
sunt fratele obosit
al cerului de jos
și-al fumului căzut din vatră."
Lucian Blaga,Paradis în destrămare,"Portarul înaripat mai ține întins
un cotor de spadă fără de flăcări.
Nu se luptă cu nimeni,
dar se simte învins.
Pretutindeni pe pajiști și pe ogor
serafimi cu părul nins
însetează după adevăr,
dar apele din fântâni
refuză gălețile lor.
Arând fără îndemn
cu pluguri de lemn,
arhangheli se plâng
de greutatea aripelor.
Trece printre sori vecini
porumbelul sfântului duh,
cu pliscul stinge cele din urmă lumini.
Noaptea îngerii goi
zgribulind se culcă în fân:
vai mie, vai ție,
păianjeni mulți au umplut apa vie,
odată vor putrezi și îngerii sub glie,
țărâna va seca poveștile
din trupul trist."
Lucian Blaga,Echinoctiu,"Semne verzi subt șovăiri solare
ieși, soră, să vezi pe ogor.
Popi negri vestind sub pământuri soarele
cu fluiere greierii umblă
până-n pragul sicrielor
și-acolo mor.
Pe-aici, afară de oraș, și ieri am fost
să iscodim învierile în fața porților.
Îndrăznește, soră, ah, soră, să nu suspini.
Într-o singură zi mugurii și iarba au crescut
repede ca unghiile și părul morților.
Făpturi care-ați fost, unde vă țineți?
Nu le călca, soră, luminile - dedițeii vineți."
Lucian Blaga,În munți,"Lângă schit miezul nopții găsește
făpturi adormite-n picioare. Duhul mușchiului umed
umblă prin văgăuni.
Din răsărit vin fluturi cât buhele
să-și caute în focuri cenușa.
La rădăcinile brazilor, lângă blestemul cucutelor
ciobanul pune pământ
peste mieii uciși de puterile codrului.
Peste muche trecând
fetele stânilor - își freacă de lună umerii goi,
aventura lor se pătrunde suprafirească
de pulberea luminos stârnită din disc ca un roi.
Cai galbeni și-adună sarea vieții din ierburi.
Mocnind subt copaci Dumnezeu se face
mai mic să aibă loc ciupercile roșii
să crească subt spatele lui.
În sângele oilor noaptea pădurii e vis lung și greu.
Pe patru vânturi adânci pătrunde somnul în fagi bătrâni.
Subt scut de stânci, undeva
un bălaur cu ochii întorși spre steaua polară
visează lapte albastru furat din stâni."
Lucian Blaga,Oraș vechi,"Noapte. Urnirea orelor
se-mplinește fără îndemn.
Taci - arătătoare se-opresc
suspinând pe ultimul semn.
Subt porți ființele somnului
intră - câni roșii și griji.
Pe uliți - subțire și-naltă
ploaia umblă pe cataligi.
Vânt vechi și lung între ziduri
mai scutură luturi și fier.
Mari semeni de altădată
O clipă s-arată și pier.
Turn negru stă în picioare
și-și numără anii învins.
Taci, că sfântul de piatră
aureola în noapte și-a stins."
Lucian Blaga,Peisaj transcendent,"Cocoși apocaliptici tot strigă,
tot strigă din sate românești.
Fântânile nopții
deschid ochii și-ascultă
întunecatele vești.
Păsări ca niște îngeri de apă
marea pe țărmuri aduce.
Pe mal - cu tămâie în păr
Isus sângerează lăuntric
din cele șapte cuvinte
de pe cruce.
Din păduri de somn
și alte negre locuri
dobitoace crescute-n furtuni
ies furișate să bea
apă moartă din scocuri.
Arde cu păreri de valuri
pământul îmbrăcat în grâu.
Aripi cu sunet de legendă
s-abat înspăimântate peste râu.
Vântul a dat în pădure
să rupă crengi și coarne de cerbi.
Clopote sau poate sicriile
cântă subt iarbă cu miile."
Lucian Blaga,Asfințit,"Peste-aceleași arătări și-aceleași case
clopot de sear-aud. Și stau în cruce
cu o zi sub cer pierdută.
Prin ani subt poduri se depărtează
ce focuri vechi? ce nouă plută?
Printre ziduri ceasul umbrelor mă-ncearcă.
Se desface - care poartă?
Se deschide - care ușă?
Ies vârstele și-mi pun pe cap
aureolă de cenușă.
Întârziind subt vremi schimbate,
îmi taie drumul - care prieten?
Îmi taie pasul - ce vrăjmaș?
Ah, pasărea Foenix ca altădată
nu mai zboară peste oraș."
Lucian Blaga,Cap aplecat,"Mă îndemn să fiu
și o clipă mai sânt.
Undeva pe câmp
a murit fratele vânt.
Toamna sângerează
peste un mers bătrân.
Printre umbre prelungi
rostul mi-amân.
Spre nu știu ce sfârșit
un zbor s-a întins.
Cu pâlpâit de sfeșnic
un copac s-a stins.
În fântână mi-aplec
gând și cuvânt.
Ceru-și deschide
un ochi în pământ."
Lucian Blaga,Elegie,"Tremură aceeași apă și frunză
la bătăile aceluiași ceas.
În ce tărâm și-n ce somn te-ai oprit?
Cerească subt ce iarb-ai rămas?
Se revarsă în mine drumurile
toate pe cari ai umblat.
Oglinda-ți mai păstrează chipul
și după ce-ai plecat.
Fără gând, fără-ndemn, fără glas,
cu mâneca șterg ochiuri ude.
Un vecin prin zidul meu aude
răbdarea neagră a aceluiași pas."
Lucian Blaga,Noapte extatică,"Adânc subt bătrânele
verzile zodii -
se trag zăvoarele,
se-nchid fântânile.
Așază-ți în cruce
gândul și mânile.
Stele curgând
ne spală țărânile."
Lucian Blaga,Drumuri,"Cetate de veac, prăsilă de painjeni verzi
subt mușchi și scocuri. -
Pe turn între semnele ceasului, gânditor
timpul stă. O vrabie umblă pe-arătător.
Subt bolți de nicăiri nici un ecou.
Părul tău joacă în vântul
pe care l-am întâlnit ieri în alt oraș
și care ne-a ajuns din nou."
Lucian Blaga,Perspectivă,"Noapte. Subt sfere, subt marile,
monadele dorm.
Lumi comprimate,
lacrimi fără de sunet în spațiu,
monadele dorm.
Mișcarea lor - lauda somnului."
Lucian Blaga,Peisaj trecut,"Castelul e-același
în aer și-n apă.
Trecutul pe poartă
copoii și-i scapă.
Crini umblă pe-un drum
de căutări jucăușe
parcă-și duc în potire
viitoarea cenușe.
Scăpat dintr-o stemă
tăiată în poartă,
un uliu tâlcuiește
rotire de soartă.
Stuparul ceresc peste
ciuturi se-ndoaie,
în mierea fântânilor
barba și-o-nmoaie.
Zăbovește prin rostul
grădinilor pajul.
Un zbor de lăstun
iscălește peisajul."
Lucian Blaga,Veac,"Umblă mașinile subpământești. În nevăzut peste turnuri
intercontinentale zvonuri electrice.
De pe case antenele pipăie spații
cu alte graiuri și alte vești.
Semnale se-ncrucișează albastre prin străzi.
În teatre strigă luminile, se exaltă libertățile insului.
Se profețesc prăbușirile, sfârșesc în sânge cuvintele.
Undeva se trage la sorți cămașa învinsului.
Arhanghelii sosiți să pedepsească orașul
s-au rătăcit prin baruri cu penele arse.
Danțatoarea albă le trece prin sânge, râzând s-a oprit
pe-un vârf de picior ca pe-o sticlă întoarsă.
Dar sus, la o mie de metri-nălțime, spre răsărit
stelele își spun povești prin cetini de brazi
și-n miez de noapte râtul mistreților
deschide izvoarele."
Lucian Blaga,Cetire din palmă,"La patruzeci de ani - în așteptare
vei umbla ca și-acum printre stele triste și ierburi,
la patruzeci de ani sugrumându-ți cuvântul
te-i pierde în tine - în căutare.
Prin ani un vânt o să te tot alunge subt cer,
vei mânca miere neagră și aplecat vei tăcea.
La patruzeci ca pe-un țărm vei ajunge
unde fără-ncetare
vei aștepta să vie la tine celălalt țărm,
jaf veșnic voindu-te pentru păsări
din cealaltă zare.
Pe șaptezeci și șapte de uliți
vei umbla desculț și cu capul gol:
ce sămânță n-a fost în deșert aruncată?
ce lumină n-a fost în zadar cântată?"
Lucian Blaga,La curțile dorului,"Prin vegherile noastre - site de in-
vremea se cerne, și-o pulbere albă
pe tâmple s-așază. Aurorele încă
se mai aprind, și-așteptăm. Așteptăm
o singură oră să ne-mpărtășim
din verde imperiu, din raiul sorin.
Cu linguri de lemn zăbovim lângă blide
lungi zile pierduți și străini.
Oaspeți suntem în tinda noii lumini
la curție dorului. Cu cerul vecini.
Așteptăm să vedem prin columne de aur
Evul de foc cu steaguri pășind,
și fiicele noastre ieșind
să pună pe frunțile porților laur.
Din când în când câte-o lacrim-apare
și fără durere se-ngroașă pe geană.
Hrănim cu ea
nu știm ce firavă stea."
Lucian Blaga,"Ani, pribegie și somn","Anii se vor lungi
încet, încet, cu tot mai mari pași
de la oraș la oraș.
Mă opresc cu ochii în huma săracă,
mi se pare că anii aceștia
de osteniri fără zare,
de rătăciri și aureole amare,
vor ține până la urmă,
ca un vânt ce mă-mbracă
și-mi zvântă ființa.
Acestui cutreier nu-i chip să-i dărui
temeiul promis
și mersul de-un mal să-l anin,
subt călcâie
nu se ivește țărâna și piatra
ce mi se cuvin.
Cum steaua nu are deasupra mea
nici un nume,
n-o pot ruga
nici să se stingă, nici să rămâie.
Pân' la cercul de miazănoapte,
unde auzi scârțâind în viforniță
osia bolții, umblat-am prin feluri de locuri.
Subt semn capricornic
răzbii printre pinii cu umbra zgârcită.
Seminții, pretutindenea altele,
aprind alte focuri,
și soarele-mpinge alt orruc.
Fâlfâind ca din steaguri cu
zariștea-ntreagă,
soarta își face cu mine jocul potrivnic.
Un negru noroc prin văzduhuri străine
îmi ține de strajă,
nu mă dezleagă.
Văd anii crescând și pașii lungind
peste toate văile, muchile, iernile, verile,
peste toate clopotele și toate tăcerile.
Podișul m-alungă, șesul mă cere, tot altul.
Singură vatra nu mi-e-ngăduită,
și cum aș slăvi scânteia-mpământenită,
cenușa și pravila, fumul - înaltul!
Stau acu iarăși cu fața spre țară.
Întoarcerea va să rămână un vis,
să nu calc o nespusă poruncă
sau poate fiindcă făpturii așa-i este scris.
Numai noaptea, în fiece noapte,
somnul mai vine,
sosindu-mi din depărtatele plaiuri
mi-aduce un pic de-ntuneric,
ca un pumn de țărână din patria mumelor,
din cimitire de raiuri."
Lucian Blaga,Anno domini,"Intrat-a noaptea-n burg, fără de vamă.
Și-i dat să ningă iar sub ore sure.
Tânjesc pe streșinile catedralei
medievale duhuri de pădure.
Bătaia ceasului stârnește liliacul
din somnul lung, în care s-așezase.
Cenușa îngerilor arși în ceruri
ne cade fulguind pe umeri și pe case."
Lucian Blaga,Lângă cetate,"Nebunul cetății spre turn
privește, călcând pe coturn.
Ce spornic e timpul, ce lin
prin noi strecuratul venin!
Bang-bang! Cât de bine ar fi
cetatea să uite o zi
că ceasul îi este stăpân!
Dar ornicul bate bătrân.
Izbânzile cui n-au căzut?
Și inima cui n-a tăcut?
Ah, luntrele toate spre-apus
un val aherontic le-a dus!"
Lucian Blaga,In preajma strămoșilor,"Pe lespezi dacă te-apleci
auzi scarabei sărutând părinteștile luturi,
crengile noastre căzute-n adânc, în ținuturi
amare și reci.
Pe lespezi urechea de-o pui, audu-se viermi
cu freamăt porniți pe căile vremii
cu carnea noastră să se cuminece
pe rând în nouă duminece."
Lucian Blaga,Corbul,"Câmp alb. Descinde-ntrupat din funingei
un corb.Îl vezi, fetița mea, Ana?
În toamnă pe-aici se stingea aurie povestea,
țâșnea veverița, cădea castana.
Corbul își măsură pasul, scrie-n zăpadă
nou testament, sau poate o veste cerească,
pentru cineva care ar trece prin țară
și n-a uitat de tot să cetească.
Noi, oamenii, noi am uitat."
Lucian Blaga,Iezerul,"În pâlnia muntelui iezerul netulburat
ca un ochi al lumii, ascuns, s-a deschis.
Oglindește un zbor prea înalt și ceasul
curat ce i-a fost odată promis.
Cată lung Ochiul spre Nord și spre vârste,
și mulcom apoi spre vânătul cer.
Visează-n amiazi despre rodii de aur,
care se coc, senine, în ger."
Lucian Blaga,Trezire,"Mocnește copacul. Martie sună
Albinele-n faguri adună
și-amestecă învierea,
ceara și mierea.
Nehotărât între două hotare,
cu vine trimise subt șapte ogoare,
în văzduhuri zmeu,
doarme alesul, copacul meu.
Copacul meu.
Vântul îl scutură, Martie sună.
Câte puteri sunt, se leagă-mpreună,
din greul ființei să mi-l urnească,
din somn, din starea dumneyeiască.
Cine vântură de pe muncel
atâta lumină peste el ?
Ca lacrimi - mugurii l-au podidit.
Soare, soare, de ce l-ai trezit?"
Lucian Blaga,Bunăvestire pentru floarea mărului,"Bucură-te, floarea mărului, bucură-te!
Uite în preajmă-ți pulberi de aur
ca un nor în aer!
Țâșnesc firele ca dintr-un caier
de pretutindeni și de nicăiri! Nici o făptură
nu-ntreabă. - Polenul căzut în potire
ca un jar îl îndură
toate florile, în dulci suferinți
peste măsură
și peste fire.
Bucură-te, floare ca ghiocul,
și dumirește-te!
Nu trebuie fiecare
să știm cine-aduce și-mprăștie focul.
Dar, vezi, arhanghel sunt, iar tu ești floare,
și dacă-ntrebi, nu pot să tac
și să mă strâng în cingătoare.
Cine-l aduce, caldul, cutremurul? Iată,
acesta e Vântul, nimenea altul. E Vântul,
nevăzutul voievod
fără trup, fără mâni,
al acestor săptămâni.
Bucură-te, floarea mărului,
și nu te speria de rod!"
Lucian Blaga,Oaspe'fi nepofti'fi,"Plecară iarăși voievozii daci
spre miazănoapte, de unde ne veniră,
cu oile și cu bourii.
Și ceilalți, cari din răsărit sosiră
cu arapi și cu cămile,
de asemeni se înduplecară
mai târzior, pe seară.
Fecioara-n marea zarvă nu se miră
că și-a pierdut condurii.
Vrea liniște Maria
după atâția oaspeți,
vrea liniște de-acu, și bucuria
să fie-a ei, deplină.
Poate mai bine-ar fi
să sufle-n steaua de la poartă,
s-o stingă. Ea singură-i de vină
că sosesc atâția trași-împinși
din patru vânturi, cu nechez de soartă.
De-aceeași prea senină
părere e și asinul bătrân,
ce roade-n petice condurii
găsiți prin paie și prin fân.
Maria n-avu timpul pân-acum
nici măcar să-și vază pruncul
de-atâta solie din atâta drum.
S-apleacă peste iesle
și peste lumină Maria.
De dragoste-i țâșnește laptele
în sâni, și-i umezește ia."
Lucian Blaga,Belșug,"- Negrule, cireșule,
gândul rău te-mprejmuie.
Jinduiesc la taine coapte
guri sosite-n miez de noapte.
Om și păsări, duhuri, fluturi,
nu așteaptă să te scuturi.
Prea ești plin de rod și vrajă,
vine furul, pane-ți strajă!
- Las' să vie, să culeagă,
Vara mea rămâne-ntreagă.
Stelele deasupra mea
nimeni nu mi le-a fura!"
Lucian Blaga,Bazin într-un parc,"La fața stihiei
peștii s-adună,
cu ochii întorși
se uită la lună.
Suveici de aur,
mici zei de apă,
luând sfatul lunii
învată să tacă."
Lucian Blaga,Cântecul bradului,"Subt Ursa Mare, surpat de bureți,
neatins de om, neajuns de ereți,
bătrân, bătrân, în imperiul meu
bradul bărbos străjuiește mereu.
Lichene și buhe și viespi îl cuprind.
Păianjenii sfinți prin cetini se-ntind.
La un veac, tot la un veac, din înalt
mi-l lovește în creștet fulgerul alb.
Stă între zodii și țară un brad.
Sărutate de fulger - crengile ard.
Dar, iată, se scutură numai de scrum,
și flamura-i nouă și fără de-ajun!
Mistrețul poveștilor iară și iar
încearcă de scoarță prăsele de var.
Și făr' de-asfințit în imperiul meu
tânărul brad străjuiește mereu."
Lucian Blaga,1917,"Focul tăcu. E zi de odihnă. Privim din tranșee
rețeaua, livada cu flori, și zdrențele-n sârmă.
Simți Paștile-n liniști. Încă o dată cei zece tovarăși
stăm într-o groapă, asemenea bărcii fără de cârmă.
Scumpe făpturi, fluturi mulți, năvălesc din apus
cu-nalte sclipiri jucăușe, curate.
Trec pe deasupra în pâlcuri, culori salvate
din alt continent, cufundat și răpus.
Mâne bătaia va-ncepe din nou. Fii, inimă lemn,
când fiecare-n tăcere se-ntreabă: care pe munte
cădea-va întâiul? - Când fiecare pe cealaltă frunte
ar vrea să citească un semn.
Eu singur le zic: Fiți liniștiți! Odată cu zorile
cădea-vor întâi nu oameni, ci florile!
Dedițeii aceștia cu bluze albastre,
păpădii cu coifuri de aur ca ale noastre!"
Lucian Blaga,Asfințit marin,"Piere în jocul luminilor
saltul de-amurg al delfinilor.
Valul acopere numele
scrise-n nisipuri, și urmele.
Soarele, lacrima Domnului,
cade în mările somnului.
Ziua se curmă, și veștile.
Umbra mărește poveștile.
Steaua te-atinge cu genele.
Mult tălmăcești toate semnele.
Ah, pentru tine sunt largile
vremi? Pentru tine catargele?
O, aventura, și apele!
Inimă, strânge pleoapele!"
Lucian Blaga,Boare atlantică,"Cu repezi copite de-argint
în zori măgărușii bat străzile.
Nălucile, cari adineaori erau, se dezmint.
Pe chei se trezesc sibilinele
glasuri. Lumina așteaptă prilejul
să-nece biserici, corăbii, colinele.
Din portul cu zvon de maree
pescarii sosesc cu povara pe creștet.
În coșuri: țestoase, țipari, curcubee.
Boarea atlantică pipăie morile,
veacul de mijloc, laptele mării,
părul femeilor, scrumul și florile.
În dimineața de roz mărgărint
o inimă, singură și de la sine,
purcede solară grin anotimp."
Lucian Blaga,Vânzătorul de greieri,"Un strigăt în noapte pe bulevard: grilu! Din câmp
vânzătorul intrat-a-n oraș pe-un măgar, cu greieri
în păr și pe brațe, ieșiți din corfele pline.
Cată să-i vânză-n piață. Se uită aiurea și tâmp.
Să vânză ar vrea o palmă de luncă-n cetate,
un cântec mai nou pentru vetre și casă.
Argint viu și negru e roiul - pe umeri.
Grilu, grilu! Cu sunetul scump, de zare aleasă!
Astfel intrarea și-o fac în oraș prin țipătul străzilor,
nestânjeniți în cântare - greierii țării.
Fetița mea singură, Ana lumina, în noapte
i-aude, și-o clipă surâde lunii și mării."
Lucian Blaga,Unicornul și oceanul,"Sfios unicornul s-abate la mal,
privește în larg, spre cea zare, cel val.
S-ar da înapoi când unda l-ajunge,
dar taina cu pinteni de-argint îl străpunge.
Pe țărm unicornul, o clipă cât anul,
se-nfruntă-n poveste cu oceanul.
E apă, sau altă ființă, cu plesne,
în care se simte intrând pân la glesne?
Se-nalță de spaimă-n paragini
când taina se sfarmă la margini."
